date,username,operator,mutant,rbs,IPTG_uM,mean_YFP_A,mean_YFP_bgcorr_A,fold_change_A
20160922,sbarnes,O2,wt,auto,0.0,3082.2841423967575,0.0,0.0
20160922,sbarnes,O2,wt,delta,0.0,18315.178147100323,15232.894004703565,1.0
20160922,sbarnes,O2,wt,RBS1027,0.0,3230.680278873562,148.3961364768047,0.009741821641441438
20160922,sbarnes,O2,Q294V,RBS1027,0.0,3506.8960253431246,424.61188294636713,0.0278746693054686
20160922,sbarnes,O2,Q294K,RBS1027,0.0,7387.593337718241,4305.3091953214835,0.28263238712171856
20160922,sbarnes,O2,F164T,RBS1027,0.0,3575.388583898809,493.1044415020515,0.03237102820710183
20160922,sbarnes,O2,Y20I,RBS1027,0.0,9879.085860196585,6796.801717799827,0.4461924120066175
20160922,sbarnes,O2,Q21M,RBS1027,0.0,3243.714308662151,161.43016626539338,0.010597471906227897
20160922,sbarnes,O2,wt,auto,0.1,3003.4007853652874,0.0,0.0
20160922,sbarnes,O2,wt,delta,0.1,18929.57479166246,15926.174006297173,1.0
20160922,sbarnes,O2,wt,RBS1027,0.1,3224.3399162294336,220.93913086414614,0.013872706073460412
20160922,sbarnes,O2,Q294V,RBS1027,0.1,3357.4328646481367,354.0320792828493,0.022229574984102635
20160922,sbarnes,O2,Q294K,RBS1027,0.1,7167.014003659415,4163.613218294127,0.261432106458704
20160922,sbarnes,O2,F164T,RBS1027,0.1,3460.316392621378,456.9156072560904,0.028689602855992095
20160922,sbarnes,O2,Y20I,RBS1027,0.1,10324.517849362686,7321.117063997399,0.45969088753536447
20160922,sbarnes,O2,Q21M,RBS1027,0.1,3213.4655776258323,210.0647922605449,0.013189909401811493
20160922,sbarnes,O2,wt,auto,5.0,2956.687361278044,0.0,0.0
20160922,sbarnes,O2,wt,delta,5.0,18568.538756561902,15611.851395283858,1.0
20160922,sbarnes,O2,wt,RBS1027,5.0,3776.327986099709,819.6406248216649,0.05250118029366254
20160922,sbarnes,O2,Q294V,RBS1027,5.0,3317.8351141420417,361.14775286399754,0.02313292278538442
20160922,sbarnes,O2,Q294K,RBS1027,5.0,7307.484545589758,4350.797184311714,0.27868553665749307
20160922,sbarnes,O2,F164T,RBS1027,5.0,4017.922701552878,1061.235340274834,0.0679762645316634
20160922,sbarnes,O2,Y20I,RBS1027,5.0,13218.173072984308,10261.485711706264,0.6572882006041979
20160922,sbarnes,O2,Q21M,RBS1027,5.0,3308.095137598678,351.40777632063373,0.02250903928196431
20160922,sbarnes,O2,wt,auto,10.0,2980.6174545867116,0.0,0.0
20160922,sbarnes,O2,wt,delta,10.0,17619.35744359382,14638.73998900711,1.0
20160922,sbarnes,O2,wt,RBS1027,10.0,3787.264407797357,806.6469532106453,0.055103578164267746
20160922,sbarnes,O2,Q294V,RBS1027,10.0,3323.917572714324,343.3001181276122,0.02345148000343006
20160922,sbarnes,O2,Q294K,RBS1027,10.0,6287.096072898232,3306.47861831152,0.2258718045948288
20160922,sbarnes,O2,F164T,RBS1027,10.0,4700.803918684712,1720.1864640980002,0.11750918900054005
20160922,sbarnes,O2,Y20I,RBS1027,10.0,14679.66580628754,11699.048351700829,0.7991841074085728
20160922,sbarnes,O2,Q21M,RBS1027,10.0,3461.1154715410175,480.49801695430597,0.03282372781503966
20160922,sbarnes,O2,wt,auto,25.0,2976.879692274602,0.0,0.0
20160922,sbarnes,O2,wt,delta,25.0,17375.51178345395,14398.632091179346,1.0
20160922,sbarnes,O2,wt,RBS1027,25.0,5524.550062443711,2547.670370169109,0.1769383615079533
20160922,sbarnes,O2,Q294V,RBS1027,25.0,3491.7670861825472,514.8873939079454,0.03575946594422447
20160922,sbarnes,O2,Q294K,RBS1027,25.0,6861.342859457718,3884.463167183116,0.2697800140030491
20160922,sbarnes,O2,F164T,RBS1027,25.0,6668.317630670097,3691.437938395495,0.25637421075970707
20160922,sbarnes,O2,Y20I,RBS1027,25.0,16588.011446869612,13611.13175459501,0.9453072811641071
20160922,sbarnes,O2,Q21M,RBS1027,25.0,4025.624716978089,1048.7450247034872,0.0728364346045033
20160922,sbarnes,O2,wt,auto,50.0,3024.5788044284636,0.0,0.0
20160922,sbarnes,O2,wt,delta,50.0,18221.476729603248,15196.897925174784,1.0
20160922,sbarnes,O2,wt,RBS1027,50.0,9720.039311768365,6695.460507339902,0.44058073827345884
20160922,sbarnes,O2,Q294V,RBS1027,50.0,3685.661069342912,661.0822649144484,0.043501132150089446
20160922,sbarnes,O2,Q294K,RBS1027,50.0,7378.256296461653,4353.677492033189,0.2864846176811519
20160922,sbarnes,O2,F164T,RBS1027,50.0,10849.906243017598,7825.3274385891345,0.5149292623480679
20160922,sbarnes,O2,Y20I,RBS1027,50.0,16805.960549295654,13781.38174486719,0.9068549260989187
20160922,sbarnes,O2,Q21M,RBS1027,50.0,6109.170025557602,3084.591221129138,0.20297505690416495
20160922,sbarnes,O2,wt,auto,75.0,3010.693537946146,0.0,0.0
20160922,sbarnes,O2,wt,delta,75.0,16746.555222042734,13735.861684096588,1.0
20160922,sbarnes,O2,wt,RBS1027,75.0,8580.236046017839,5569.542508071692,0.40547456258387643
20160922,sbarnes,O2,Q294V,RBS1027,75.0,4205.986630496343,1195.2930925501973,0.08701988415725753
20160922,sbarnes,O2,Q294K,RBS1027,75.0,8027.942707499518,5017.249169553372,0.36526643067193626
20160922,sbarnes,O2,F164T,RBS1027,75.0,11850.230383638791,8839.536845692644,0.6435371183103191
20160922,sbarnes,O2,Y20I,RBS1027,75.0,16583.827942273692,13573.134404327546,0.9881531072813985
20160922,sbarnes,O2,Q21M,RBS1027,75.0,6151.700963911106,3141.0074259649596,0.22867203370296202
20160922,sbarnes,O2,wt,auto,100.0,2959.448761024993,0.0,0.0
20160922,sbarnes,O2,wt,delta,100.0,16086.841054498676,13127.392293473684,1.0
20160922,sbarnes,O2,wt,RBS1027,100.0,10176.212376684596,7216.763615659604,0.5497484537921089
20160922,sbarnes,O2,Q294V,RBS1027,100.0,4392.755200541105,1433.3064395161123,0.1091843991154804
20160922,sbarnes,O2,Q294K,RBS1027,100.0,7973.373321828042,5013.924560803049,0.38194368300364834
20160922,sbarnes,O2,F164T,RBS1027,100.0,13294.84085969795,10335.392098672957,0.7873149417353227
20160922,sbarnes,O2,Y20I,RBS1027,100.0,16173.551432352875,13214.102671327882,1.0066053010312876
20160922,sbarnes,O2,Q21M,RBS1027,100.0,7181.5660650607415,4222.117304035748,0.3216265050702251
20160922,sbarnes,O2,wt,auto,250.0,2920.384548247925,0.0,0.0
20160922,sbarnes,O2,wt,delta,250.0,15443.887335598363,12523.502787350439,1.0
20160922,sbarnes,O2,wt,RBS1027,250.0,13429.747726049964,10509.363177802039,0.8391712251956527
20160922,sbarnes,O2,Q294V,RBS1027,250.0,6275.3435543848,3354.959006136875,0.2678930218728904
20160922,sbarnes,O2,Q294K,RBS1027,250.0,9393.86517262722,6473.4806243792955,0.5169065503716689
20160922,sbarnes,O2,F164T,RBS1027,250.0,14827.899510367875,11907.51496211995,0.9508134556529443
20160922,sbarnes,O2,Y20I,RBS1027,250.0,15691.735879819918,12771.351331571994,1.0197906726600403
20160922,sbarnes,O2,Q21M,RBS1027,250.0,10633.18153115408,7712.796982906155,0.6158657936098028
20160922,sbarnes,O2,wt,auto,500.0,2941.1376064853216,0.0,0.0
20160922,sbarnes,O2,wt,delta,500.0,15168.629269054045,12227.491662568724,1.0
20160922,sbarnes,O2,wt,RBS1027,500.0,13078.65773134357,10137.520124858249,0.8290760202185721
20160922,sbarnes,O2,Q294V,RBS1027,500.0,9619.76089994242,6678.623293457098,0.5461973295718501
20160922,sbarnes,O2,Q294K,RBS1027,500.0,10603.691882276222,7662.554275790901,0.6266660806032534
20160922,sbarnes,O2,F164T,RBS1027,500.0,14751.10562178605,11809.968015300728,0.9658536960163191
20160922,sbarnes,O2,Y20I,RBS1027,500.0,15259.393752917793,12318.256146432472,1.0074229847272438
20160922,sbarnes,O2,Q21M,RBS1027,500.0,11130.309085362871,8189.17147887755,0.6697343743808521
20160922,sbarnes,O2,wt,auto,1000.0,2906.860784981556,0.0,0.0
20160922,sbarnes,O2,wt,delta,1000.0,14332.551041881254,11425.690256899697,1.0
20160922,sbarnes,O2,wt,RBS1027,1000.0,12933.82486065991,10026.964075678354,0.8775805969029585
20160922,sbarnes,O2,Q294V,RBS1027,1000.0,11386.319700372358,8479.458915390802,0.7421397503989102
20160922,sbarnes,O2,Q294K,RBS1027,1000.0,12402.146320599168,9495.285535617611,0.8310469934088787
20160922,sbarnes,O2,F164T,RBS1027,1000.0,14404.432000952067,11497.57121597051,1.0062911699384995
20160922,sbarnes,O2,Y20I,RBS1027,1000.0,14829.020175026717,11922.15939004516,1.0434520035098673
20160922,sbarnes,O2,Q21M,RBS1027,1000.0,11568.18061311692,8661.319828135363,0.7580565929401948
20160922,sbarnes,O2,wt,auto,5000.0,2851.03662001211,0.0,0.0
20160922,sbarnes,O2,wt,delta,5000.0,13413.892619294857,10562.855999282747,1.0
20160922,sbarnes,O2,wt,RBS1027,5000.0,12846.877135239674,9995.840515227565,0.9463198699202484
20160922,sbarnes,O2,Q294V,RBS1027,5000.0,12439.312400810673,9588.275780798564,0.9077351600220281
20160922,sbarnes,O2,Q294K,RBS1027,5000.0,12787.454112315123,9936.417492303013,0.9406942112036488
20160922,sbarnes,O2,F164T,RBS1027,5000.0,13169.661303355808,10318.624683343698,0.9768782878460491
20160922,sbarnes,O2,Y20I,RBS1027,5000.0,13080.325747650626,10229.289127638516,0.9684207688084661
20160922,sbarnes,O2,Q21M,RBS1027,5000.0,10652.700924403265,7801.664304391155,0.7385942121071152
