# Date : 2018-09-26# Equipment : MACSQuant (Bjorkman lab)# User : mrazomej# Description :# A titration run of Q294K inducer mutants in O1 and O2 as well # as Y20I-Q294K in O2.date,username,mutant,operator,strain,IPTGuM,mean_FITC_H,repressors,fold_change
20180926,gchure,delta,O1,R0,0.0,15309.650535292441,0.0,1.0
20180926,gchure,Q294K,O1,R260,0.0,4062.144717501769,260.0,0.08587473502972139
20180926,gchure,delta,O2,R0,0.0,20032.937575462038,0.0,1.0
20180926,gchure,Y20I-Q294K,O2,R260,0.0,3200.606883362016,260.0,0.011456536956933045
20180926,gchure,wt,O2,R260,0.0,3421.364181113051,260.0,0.024421359690201906
20180926,gchure,Q294K,O2,R260,0.0,7096.552524963447,260.0,0.24026095310256945
20180926,gchure,delta,O1,R0,0.1,16209.868944410924,0.0,1.0
20180926,gchure,Q294K,O1,R260,0.1,4184.598596950402,260.0,0.08099004034433524
20180926,gchure,Q294K,O2,R260,0.1,7232.414392522644,260.0,0.22250092603937607
20180926,gchure,Y20I-Q294K,O2,R260,0.1,3204.2086284404913,260.0,0.004299184317466435
20180926,gchure,wt,O2,R260,0.1,3459.722940762093,260.0,0.01814000359253473
20180926,gchure,delta,O2,R0,0.1,21585.765683770587,0.0,1.0
20180926,gchure,Q294K,O1,R260,5.0,4219.04024612361,260.0,0.08087909794203205
20180926,gchure,delta,O1,R0,5.0,16434.562689323506,0.0,1.0
20180926,gchure,Q294K,O2,R260,5.0,7566.508895647494,260.0,0.23360736233625415
20180926,gchure,wt,O2,R260,5.0,3622.5728674493557,260.0,0.02527363290936783
20180926,gchure,Y20I-Q294K,O2,R260,5.0,3298.709872042066,260.0,0.008165955407968568
20180926,gchure,delta,O2,R0,5.0,22074.97828148747,0.0,1.0
20180926,gchure,Q294K,O1,R260,10.0,4202.7063355665005,260.0,0.07969590268667648
20180926,gchure,delta,O1,R0,10.0,16508.829468574313,0.0,1.0
20180926,gchure,wt,O2,R260,10.0,3588.057829955491,260.0,0.023625455660630665
20180926,gchure,Y20I-Q294K,O2,R260,10.0,3385.8423089961357,260.0,0.013033162640227839
20180926,gchure,delta,O2,R0,10.0,22227.844961479732,0.0,1.0
20180926,gchure,Q294K,O2,R260,10.0,7672.390150074488,260.0,0.23756771153770437
20180926,gchure,Q294K,O1,R260,25.0,4322.56324443882,260.0,0.08830454901906855
20180926,gchure,delta,O1,R0,25.0,16191.932697534554,0.0,1.0
20180926,gchure,wt,O2,R260,25.0,4293.232137149279,260.0,0.060027964652676756
20180926,gchure,Y20I-Q294K,O2,R260,25.0,3745.975602688895,260.0,0.030705008978474023
20180926,gchure,delta,O2,R0,25.0,21836.001163206405,0.0,1.0
20180926,gchure,Q294K,O2,R260,25.0,7827.945128340607,260.0,0.24942402634417032
20180926,gchure,Q294K,O1,R260,50.0,4364.659759579582,260.0,0.08797424167333946
20180926,gchure,delta,O1,R0,50.0,16666.900962174488,0.0,1.0
20180926,gchure,Q294K,O2,R260,50.0,8196.765471314484,260.0,0.2681163439737253
20180926,gchure,wt,O2,R260,50.0,8283.467326238038,260.0,0.2727481807987479
20180926,gchure,Y20I-Q294K,O2,R260,50.0,4925.433534650476,260.0,0.09335335021225732
20180926,gchure,delta,O2,R0,50.0,21896.65883174198,0.0,1.0
20180926,gchure,Q294K,O1,R260,75.0,4370.664176369699,260.0,0.0930687328118984
20180926,gchure,delta,O1,R0,75.0,16306.429827050035,0.0,1.0
20180926,gchure,Y20I-Q294K,O2,R260,75.0,5207.387454822733,260.0,0.10473869468028757
20180926,gchure,wt,O2,R260,75.0,5464.308527677648,260.0,0.11779168474128342
20180926,gchure,delta,O2,R0,75.0,22828.75190644662,0.0,1.0
20180926,gchure,Q294K,O2,R260,75.0,8597.793687882875,260.0,0.27698980032573006
20180926,gchure,Q294K,O1,R260,100.0,4636.692346615651,260.0,0.11306729602143226
20180926,gchure,delta,O1,R0,100.0,16530.81377049302,0.0,1.0
20180926,gchure,delta,O2,R0,100.0,22376.8212800302,0.0,1.0
20180926,gchure,wt,O2,R260,100.0,6899.911157104999,260.0,0.19627215307479073
20180926,gchure,Y20I-Q294K,O2,R260,100.0,5907.350928131385,260.0,0.14472773694518556
20180926,gchure,Q294K,O2,R260,100.0,9227.204640803651,260.0,0.3171302937475527
20180926,gchure,delta,O1,R0,250.0,15839.845295149997,0.0,1.0
20180926,gchure,Q294K,O1,R260,250.0,5029.9226943177155,260.0,0.14961550334629864
20180926,gchure,delta,O2,R0,250.0,24544.18725312727,0.0,1.0
20180926,gchure,wt,O2,R260,250.0,16027.685346162858,260.0,0.6023326887745075
20180926,gchure,Y20I-Q294K,O2,R260,250.0,9543.836818389134,260.0,0.29957756247968076
20180926,gchure,Q294K,O2,R260,250.0,9939.371002771039,260.0,0.31804653217160256
20180926,gchure,Q294K,O1,R260,500.0,5897.514865285199,260.0,0.21611053486937434
20180926,gchure,delta,O1,R0,500.0,16048.28959550391,0.0,1.0
20180926,gchure,Q294K,O2,R260,500.0,12124.650117147037,260.0,0.5232147187552422
20180926,gchure,delta,O2,R0,500.0,20349.332054148203,0.0,1.0
20180926,gchure,wt,O2,R260,500.0,16378.612479779371,260.0,0.7698171596773273
20180926,gchure,Y20I-Q294K,O2,R260,500.0,10101.827100117342,260.0,0.40595155302186603
20180926,gchure,delta,O1,R0,1000.0,14821.498870399944,0.0,1.0
20180926,gchure,Q294K,O1,R260,1000.0,6642.902565452135,260.0,0.3074321600394319
20180926,gchure,Q294K,O2,R260,1000.0,12296.207330570007,260.0,0.6021547816614712
20180926,gchure,delta,O2,R0,1000.0,18430.037269223725,0.0,1.0
20180926,gchure,wt,O2,R260,1000.0,17059.798045486586,260.0,0.9111251650932845
20180926,gchure,Y20I-Q294K,O2,R260,1000.0,9565.742087413708,260.0,0.425054576456286
20180926,gchure,Q294K,O1,R260,5000.0,8937.947598726085,260.0,0.5053376600016276
20180926,gchure,delta,O1,R0,5000.0,14781.774177250098,0.0,1.0
20180926,gchure,Y20I-Q294K,O2,R260,5000.0,10041.93163060774,260.0,0.4895065674121981
20180926,gchure,wt,O2,R260,5000.0,16088.253731797731,260.0,0.9079042465380878
20180926,gchure,Q294K,O2,R260,5000.0,15331.2781479002,260.0,0.8555225139480628
20180926,gchure,delta,O2,R0,5000.0,17419.14206450992,0.0,1.0
# Date : 2018-09-27# Equipment : MACSQuant (Bjorkman lab)# User : mrazomej# Description :# A titration run of Q294K inducer mutants in O1 and O2 as well # as Y20I-Q294K in O2.date,username,mutant,operator,strain,IPTGuM,mean_FITC_H,repressors,fold_change
20180926,gchure,delta,O1,R0,0.0,15309.650535292441,0.0,1.0
20180926,gchure,Q294K,O1,R260,0.0,4062.144717501769,260.0,0.08587473502972139
20180926,gchure,delta,O2,R0,0.0,20032.937575462038,0.0,1.0
20180926,gchure,Y20I-Q294K,O2,R260,0.0,3200.606883362016,260.0,0.011456536956933045
20180926,gchure,wt,O2,R260,0.0,3421.364181113051,260.0,0.024421359690201906
20180926,gchure,Q294K,O2,R260,0.0,7096.552524963447,260.0,0.24026095310256945
20180926,gchure,delta,O1,R0,0.1,16209.868944410924,0.0,1.0
20180926,gchure,Q294K,O1,R260,0.1,4184.598596950402,260.0,0.08099004034433524
20180926,gchure,Q294K,O2,R260,0.1,7232.414392522644,260.0,0.22250092603937607
20180926,gchure,Y20I-Q294K,O2,R260,0.1,3204.2086284404913,260.0,0.004299184317466435
20180926,gchure,wt,O2,R260,0.1,3459.722940762093,260.0,0.01814000359253473
20180926,gchure,delta,O2,R0,0.1,21585.765683770587,0.0,1.0
20180926,gchure,Q294K,O1,R260,5.0,4219.04024612361,260.0,0.08087909794203205
20180926,gchure,delta,O1,R0,5.0,16434.562689323506,0.0,1.0
20180926,gchure,Q294K,O2,R260,5.0,7566.508895647494,260.0,0.23360736233625415
20180926,gchure,wt,O2,R260,5.0,3622.5728674493557,260.0,0.02527363290936783
20180926,gchure,Y20I-Q294K,O2,R260,5.0,3298.709872042066,260.0,0.008165955407968568
20180926,gchure,delta,O2,R0,5.0,22074.97828148747,0.0,1.0
20180926,gchure,Q294K,O1,R260,10.0,4202.7063355665005,260.0,0.07969590268667648
20180926,gchure,delta,O1,R0,10.0,16508.829468574313,0.0,1.0
20180926,gchure,wt,O2,R260,10.0,3588.057829955491,260.0,0.023625455660630665
20180926,gchure,Y20I-Q294K,O2,R260,10.0,3385.8423089961357,260.0,0.013033162640227839
20180926,gchure,delta,O2,R0,10.0,22227.844961479732,0.0,1.0
20180926,gchure,Q294K,O2,R260,10.0,7672.390150074488,260.0,0.23756771153770437
20180926,gchure,Q294K,O1,R260,25.0,4322.56324443882,260.0,0.08830454901906855
20180926,gchure,delta,O1,R0,25.0,16191.932697534554,0.0,1.0
20180926,gchure,wt,O2,R260,25.0,4293.232137149279,260.0,0.060027964652676756
20180926,gchure,Y20I-Q294K,O2,R260,25.0,3745.975602688895,260.0,0.030705008978474023
20180926,gchure,delta,O2,R0,25.0,21836.001163206405,0.0,1.0
20180926,gchure,Q294K,O2,R260,25.0,7827.945128340607,260.0,0.24942402634417032
20180926,gchure,Q294K,O1,R260,50.0,4364.659759579582,260.0,0.08797424167333946
20180926,gchure,delta,O1,R0,50.0,16666.900962174488,0.0,1.0
20180926,gchure,Q294K,O2,R260,50.0,8196.765471314484,260.0,0.2681163439737253
20180926,gchure,wt,O2,R260,50.0,8283.467326238038,260.0,0.2727481807987479
20180926,gchure,Y20I-Q294K,O2,R260,50.0,4925.433534650476,260.0,0.09335335021225732
20180926,gchure,delta,O2,R0,50.0,21896.65883174198,0.0,1.0
20180926,gchure,Q294K,O1,R260,75.0,4370.664176369699,260.0,0.0930687328118984
20180926,gchure,delta,O1,R0,75.0,16306.429827050035,0.0,1.0
20180926,gchure,Y20I-Q294K,O2,R260,75.0,5207.387454822733,260.0,0.10473869468028757
20180926,gchure,wt,O2,R260,75.0,5464.308527677648,260.0,0.11779168474128342
20180926,gchure,delta,O2,R0,75.0,22828.75190644662,0.0,1.0
20180926,gchure,Q294K,O2,R260,75.0,8597.793687882875,260.0,0.27698980032573006
20180926,gchure,Q294K,O1,R260,100.0,4636.692346615651,260.0,0.11306729602143226
20180926,gchure,delta,O1,R0,100.0,16530.81377049302,0.0,1.0
20180926,gchure,delta,O2,R0,100.0,22376.8212800302,0.0,1.0
20180926,gchure,wt,O2,R260,100.0,6899.911157104999,260.0,0.19627215307479073
20180926,gchure,Y20I-Q294K,O2,R260,100.0,5907.350928131385,260.0,0.14472773694518556
20180926,gchure,Q294K,O2,R260,100.0,9227.204640803651,260.0,0.3171302937475527
20180926,gchure,delta,O1,R0,250.0,15839.845295149997,0.0,1.0
20180926,gchure,Q294K,O1,R260,250.0,5029.9226943177155,260.0,0.14961550334629864
20180926,gchure,delta,O2,R0,250.0,24544.18725312727,0.0,1.0
20180926,gchure,wt,O2,R260,250.0,16027.685346162858,260.0,0.6023326887745075
20180926,gchure,Y20I-Q294K,O2,R260,250.0,9543.836818389134,260.0,0.29957756247968076
20180926,gchure,Q294K,O2,R260,250.0,9939.371002771039,260.0,0.31804653217160256
20180926,gchure,Q294K,O1,R260,500.0,5897.514865285199,260.0,0.21611053486937434
20180926,gchure,delta,O1,R0,500.0,16048.28959550391,0.0,1.0
20180926,gchure,Q294K,O2,R260,500.0,12124.650117147037,260.0,0.5232147187552422
20180926,gchure,delta,O2,R0,500.0,20349.332054148203,0.0,1.0
20180926,gchure,wt,O2,R260,500.0,16378.612479779371,260.0,0.7698171596773273
20180926,gchure,Y20I-Q294K,O2,R260,500.0,10101.827100117342,260.0,0.40595155302186603
20180926,gchure,delta,O1,R0,1000.0,14821.498870399944,0.0,1.0
20180926,gchure,Q294K,O1,R260,1000.0,6642.902565452135,260.0,0.3074321600394319
20180926,gchure,Q294K,O2,R260,1000.0,12296.207330570007,260.0,0.6021547816614712
20180926,gchure,delta,O2,R0,1000.0,18430.037269223725,0.0,1.0
20180926,gchure,wt,O2,R260,1000.0,17059.798045486586,260.0,0.9111251650932845
20180926,gchure,Y20I-Q294K,O2,R260,1000.0,9565.742087413708,260.0,0.425054576456286
20180926,gchure,Q294K,O1,R260,5000.0,8937.947598726085,260.0,0.5053376600016276
20180926,gchure,delta,O1,R0,5000.0,14781.774177250098,0.0,1.0
20180926,gchure,Y20I-Q294K,O2,R260,5000.0,10041.93163060774,260.0,0.4895065674121981
20180926,gchure,wt,O2,R260,5000.0,16088.253731797731,260.0,0.9079042465380878
20180926,gchure,Q294K,O2,R260,5000.0,15331.2781479002,260.0,0.8555225139480628
20180926,gchure,delta,O2,R0,5000.0,17419.14206450992,0.0,1.0
