# Date : 2018-01-23# Equipment : MACSQuant (Bjorkman lab)# User : sbarnes# Description :# A titration run of the DNA mutants Y20I, Q21A, Q21M, and the WT# coupled with an O2-regulated YFP. All repressors were expressed using the# RBS1027 mutant yielding 260 repressors per cell.# Comments:# The incorrect autofluorescence strain was inoculated overnight, meaning we# had to use a HG105 strain without an mCherry plasmid that another person grew.# Other than that, the flow rates were normal and went as planned. repressors,date,username,mutant,operator,strain,IPTGuM,mean_FITC_H,fold_change
260,20180123,sbarnes,wt,O2,R260,0.0,4636.044538133883,-0.024516034428513283
260,20180123,sbarnes,Y20I,O2,R260,0.0,5296.916426720159,0.1238130290631432
260,20180123,sbarnes,delta,O2,R260,0.0,9200.718720127748,1.0
260,20180123,sbarnes,Q21M,O2,R260,0.0,4562.972433670861,-0.040916666698635244
260,20180123,sbarnes,auto,O2,R260,0.0,4745.27436533042,0.0
260,20180123,sbarnes,Q21A,O2,R260,0.0,4935.917746129324,0.04278885911651707
260,20180123,sbarnes,auto,O2,R260,0.1,4512.432323310009,0.0
260,20180123,sbarnes,delta,O2,R260,0.1,8988.463288347337,1.0
260,20180123,sbarnes,Q21A,O2,R260,0.1,4862.06968725994,0.07811325852769539
260,20180123,sbarnes,Y20I,O2,R260,0.1,5234.113949745301,0.16123249192697967
260,20180123,sbarnes,Q21M,O2,R260,0.1,4504.276129110793,-0.0018221934260342527
260,20180123,sbarnes,wt,O2,R260,0.1,4521.3323109585535,0.0019883659693292277
260,20180123,sbarnes,Q21A,O2,R260,5.0,5102.972516053879,0.16030593428938505
260,20180123,sbarnes,auto,O2,R260,5.0,4389.768302038488,0.0
260,20180123,sbarnes,Q21M,O2,R260,5.0,4446.885886414164,0.012838241204640237
260,20180123,sbarnes,delta,O2,R260,5.0,8838.787717176989,1.0
260,20180123,sbarnes,wt,O2,R260,5.0,4505.557959709454,0.02602588275451723
260,20180123,sbarnes,Y20I,O2,R260,5.0,6270.388612100977,0.4227044511568948
260,20180123,sbarnes,auto,O2,R260,10.0,4370.337523257582,0.0
260,20180123,sbarnes,delta,O2,R260,10.0,9246.31479968618,1.0
260,20180123,sbarnes,Y20I,O2,R260,10.0,7248.287515487781,0.5902303946621648
260,20180123,sbarnes,Q21M,O2,R260,10.0,4463.61448896288,0.01912990164171133
260,20180123,sbarnes,wt,O2,R260,10.0,4477.172597547314,0.02191049470353214
260,20180123,sbarnes,Q21A,O2,R260,10.0,5554.131066692242,0.24278077528321204
260,20180123,sbarnes,auto,O2,R260,25.0,4345.6707159665575,0.0
260,20180123,sbarnes,delta,O2,R260,25.0,9119.392522635642,1.0
260,20180123,sbarnes,Y20I,O2,R260,25.0,9488.953507386435,1.077415693607135
260,20180123,sbarnes,Q21M,O2,R260,25.0,4541.36385510637,0.04099382977584088
260,20180123,sbarnes,wt,O2,R260,25.0,4638.367222120401,0.06131411045883195
260,20180123,sbarnes,Q21A,O2,R260,25.0,7174.753140202716,0.5926366342261116
260,20180123,sbarnes,wt,O2,R260,50.0,5138.749210264789,0.16778439877041684
260,20180123,sbarnes,Y20I,O2,R260,50.0,10794.241695218914,1.3038696076618277
260,20180123,sbarnes,Q21M,O2,R260,50.0,4702.50920362756,0.0801517442516889
260,20180123,sbarnes,Q21A,O2,R260,50.0,8797.364160020525,0.9027333604221975
260,20180123,sbarnes,delta,O2,R260,50.0,9281.562655752883,1.0
260,20180123,sbarnes,auto,O2,R260,50.0,4303.509565463343,0.0
260,20180123,sbarnes,delta,O2,R260,75.0,9423.302816707168,1.0
260,20180123,sbarnes,auto,O2,R260,75.0,4315.764984209978,0.0
260,20180123,sbarnes,wt,O2,R260,75.0,5107.068508426789,0.15492856835676627
260,20180123,sbarnes,Q21M,O2,R260,75.0,4717.636927608035,0.07868212758819108
260,20180123,sbarnes,Y20I,O2,R260,75.0,10846.099193314976,1.2785679564731038
260,20180123,sbarnes,Q21A,O2,R260,75.0,8864.089106381987,0.8905120767256718
260,20180123,sbarnes,wt,O2,R260,100.0,5968.475986103734,0.3311440557394937
260,20180123,sbarnes,Q21M,O2,R260,100.0,5085.337843649838,0.15759426148463251
260,20180123,sbarnes,Y20I,O2,R260,100.0,11572.149220773763,1.4323492808317007
260,20180123,sbarnes,Q21A,O2,R260,100.0,10545.779729652664,1.230652393956687
260,20180123,sbarnes,delta,O2,R260,100.0,9372.06513306652,1.0
260,20180123,sbarnes,auto,O2,R260,100.0,4283.392189110213,0.0
260,20180123,sbarnes,wt,O2,R260,250.0,6823.799325015003,0.495425592813639
260,20180123,sbarnes,Q21M,O2,R260,250.0,5647.032624652974,0.2602332578378567
260,20180123,sbarnes,Q21A,O2,R260,250.0,11111.669390394738,1.352412939956591
260,20180123,sbarnes,delta,O2,R260,250.0,9348.398437877082,1.0
260,20180123,sbarnes,auto,O2,R260,250.0,4344.975598934646,0.0
260,20180123,sbarnes,Y20I,O2,R260,250.0,11764.702469250895,1.482930207810408
260,20180123,sbarnes,Y20I,O2,R260,500.0,11375.09025510846,1.4703395846202971
260,20180123,sbarnes,Q21A,O2,R260,500.0,11109.0983509245,1.414651979401118
260,20180123,sbarnes,delta,O2,R260,500.0,9128.512740527918,1.0
260,20180123,sbarnes,auto,O2,R260,500.0,4352.011701615378,0.0
260,20180123,sbarnes,wt,O2,R260,500.0,7504.786605138284,0.6600595033557649
260,20180123,sbarnes,Q21M,O2,R260,500.0,6380.4802455047475,0.424676667578238
260,20180123,sbarnes,delta,O2,R260,1000.0,8915.87588878354,1.0
260,20180123,sbarnes,Y20I,O2,R260,1000.0,10921.862249552352,1.4397662566951712
260,20180123,sbarnes,wt,O2,R260,1000.0,7743.783293903749,0.7430457240233351
260,20180123,sbarnes,Q21M,O2,R260,1000.0,6669.697965082188,0.5075772813336107
260,20180123,sbarnes,auto,O2,R260,1000.0,4354.392759441753,0.0
260,20180123,sbarnes,Q21A,O2,R260,1000.0,11145.123563653662,1.4887111519782819
260,20180123,sbarnes,auto,O2,R260,5000.0,4314.26342458938,0.0
260,20180123,sbarnes,Q21A,O2,R260,5000.0,11569.465670355448,1.5259628982161908
260,20180123,sbarnes,Q21M,O2,R260,5000.0,7090.3784012681,0.583891160038466
260,20180123,sbarnes,wt,O2,R260,5000.0,7999.321756274408,0.7750662354306365
260,20180123,sbarnes,Y20I,O2,R260,5000.0,11498.667656210937,1.5110721840510613
260,20180123,sbarnes,delta,O2,R260,5000.0,9068.771056621064,1.0
