# Date : 2018-04-16# Equipment : MACSQuant (Bjorkman lab)# User : nbellive# Description :# A titration run of the double mutants 'Q21M-F164T', 'Q21M-Q294K’, ’Q21M-Q294V' in# ’in HG105 with an integrated # RBS1027 LacI (R=260) and an O2 operator. Performed overnights in replicate. # Run looked fine, though delta seemed a bit low. Note that this is labeled as r2 as second replicate of first run.# Note that griffin prepared dilution in morning; Manuel started overnights the night before.# Also note that the auto and delta files are duplicated from folder r1 since samples were run on the same plate.date,username,mutant,operator,strain,IPTGuM,mean_FITC_H,repressors,fold_change
20180416,nbellive,auto,O2,R0,0.0,6896.830734343816,0.0,0.0
20180416,nbellive,delta,O2,R0,0.0,15992.200553235753,0.0,1.0
20180416,nbellive,Q21M-F164T,O2,R260,0.0,5711.172215512389,260.0,-0.13035847276585757
20180416,nbellive,Q21M-Q294K,O2,R260,0.0,6356.085808050114,260.0,-0.0594527696026746
20180416,nbellive,Q21M-Q294V,O2,R260,0.0,5708.684334276202,260.0,-0.1306320054847822
20180416,nbellive,auto,O2,R0,0.1,5548.267726597598,0.0,0.0
20180416,nbellive,delta,O2,R0,0.1,15865.401860567259,0.0,1.0
20180416,nbellive,Q21M-F164T,O2,R260,0.1,5559.720145218592,260.0,0.0011100387445081381
20180416,nbellive,Q21M-Q294K,O2,R260,0.1,6251.250752611746,260.0,0.06813743205097456
20180416,nbellive,Q21M-Q294V,O2,R260,0.1,5618.025533772938,260.0,0.006761355069103801
20180416,nbellive,auto,O2,R0,5.0,5517.187120542635,0.0,0.0
20180416,nbellive,delta,O2,R0,5.0,14381.338977500323,0.0,1.0
20180416,nbellive,Q21M-F164T,O2,R260,5.0,5557.176703208513,260.0,0.0045113828498424035
20180416,nbellive,Q21M-Q294K,O2,R260,5.0,6160.21450968297,260.0,0.07254246085998708
20180416,nbellive,Q21M-Q294V,O2,R260,5.0,5703.205772576513,260.0,0.020985499237342935
20180416,nbellive,auto,O2,R0,10.0,5509.204808574924,0.0,0.0
20180416,nbellive,delta,O2,R0,10.0,16907.391844339076,0.0,1.0
20180416,nbellive,Q21M-F164T,O2,R260,10.0,5702.859047293634,260.0,0.016989915862152476
20180416,nbellive,Q21M-Q294K,O2,R260,10.0,6123.892992120332,260.0,0.053928592469723244
20180416,nbellive,Q21M-Q294V,O2,R260,10.0,5466.94522377837,260.0,-0.003707570744711934
20180416,nbellive,auto,O2,R0,25.0,5234.619750132586,0.0,0.0
20180416,nbellive,delta,O2,R0,25.0,13991.454053886944,0.0,1.0
20180416,nbellive,Q21M-F164T,O2,R260,25.0,6164.999580654861,260.0,0.1062461385301523
20180416,nbellive,Q21M-Q294K,O2,R260,25.0,6178.93331762003,260.0,0.10783732279627398
20180416,nbellive,Q21M-Q294V,O2,R260,25.0,5507.589558206224,260.0,0.0311722020315728
20180416,nbellive,auto,O2,R0,50.0,5336.173051607172,0.0,0.0
20180416,nbellive,delta,O2,R0,50.0,14580.528290196931,0.0,1.0
20180416,nbellive,Q21M-F164T,O2,R260,50.0,7150.3774951840915,260.0,0.1962499705770371
20180416,nbellive,Q21M-Q294K,O2,R260,50.0,6659.542846157782,260.0,0.143154363976226
20180416,nbellive,Q21M-Q294V,O2,R260,50.0,5999.82878831211,260.0,0.07179037581058814
20180416,nbellive,auto,O2,R0,75.0,5234.767684776344,0.0,0.0
20180416,nbellive,delta,O2,R0,75.0,14335.075436739653,0.0,1.0
20180416,nbellive,Q21M-F164T,O2,R260,75.0,7684.016461800827,260.0,0.26913911526740175
20180416,nbellive,Q21M-Q294K,O2,R260,75.0,6371.240953523609,260.0,0.12488294898621219
20180416,nbellive,Q21M-Q294V,O2,R260,75.0,5508.608030201151,260.0,0.03009132799555364
20180416,nbellive,auto,O2,R0,100.0,5203.287281631256,0.0,0.0
20180416,nbellive,delta,O2,R0,100.0,14388.450025008513,0.0,1.0
20180416,nbellive,Q21M-F164T,O2,R260,100.0,9899.842706747582,260.0,0.5113197834739146
20180416,nbellive,Q21M-Q294K,O2,R260,100.0,6659.135313506493,260.0,0.15849997137230276
20180416,nbellive,Q21M-Q294V,O2,R260,100.0,5924.028005059196,260.0,0.07846793176828726
20180416,nbellive,auto,O2,R0,250.0,5413.819070634947,0.0,0.0
20180416,nbellive,delta,O2,R0,250.0,16124.521392983326,0.0,1.0
20180416,nbellive,Q21M-F164T,O2,R260,250.0,11616.323532765295,260.0,0.5790940944356686
20180416,nbellive,Q21M-Q294K,O2,R260,250.0,7227.578338228699,260.0,0.16934083433625627
20180416,nbellive,Q21M-Q294V,O2,R260,250.0,6734.316858433117,260.0,0.1232876937530875
20180416,nbellive,auto,O2,R0,500.0,5374.712334243892,0.0,0.0
20180416,nbellive,delta,O2,R0,500.0,13591.897239895408,0.0,1.0
20180416,nbellive,Q21M-F164T,O2,R260,500.0,12121.361734407878,260.0,0.8210414488207338
20180416,nbellive,Q21M-Q294K,O2,R260,500.0,8085.729923692146,260.0,0.3299204801371457
20180416,nbellive,Q21M-Q294V,O2,R260,500.0,7697.376856168166,260.0,0.2826593959601445
20180416,nbellive,auto,O2,R0,1000.0,5399.889766954198,0.0,0.0
20180416,nbellive,delta,O2,R0,1000.0,13572.657703824483,0.0,1.0
20180416,nbellive,Q21M-F164T,O2,R260,1000.0,11838.041055679885,260.0,0.7877565273425762
20180416,nbellive,Q21M-Q294K,O2,R260,1000.0,9052.859153511103,260.0,0.4469684462808555
20180416,nbellive,Q21M-Q294V,O2,R260,1000.0,8577.84094415751,260.0,0.38884637392754473
20180416,nbellive,auto,O2,R0,5000.0,5310.436586745059,0.0,0.0
20180416,nbellive,delta,O2,R0,5000.0,12668.407718906223,0.0,1.0
20180416,nbellive,Q21M-F164T,O2,R260,5000.0,11129.18353439695,260.0,0.7908086132899552
20180416,nbellive,Q21M-Q294K,O2,R260,5000.0,11162.606137186223,260.0,0.7953509799544811
20180416,nbellive,Q21M-Q294V,O2,R260,5000.0,10113.757177197052,260.0,0.6528050333681011
