parameter,delta_bohr_mean,delta_bohr_median,delta_bohr_mode,delta_bohr_min,delta_bohr_max,mutant,repressors,operator,IPTGuM,class
delta_bohr,0.2619073683086897,0.4556996360016923,0.8034457679957718,-2.4636876313686944,2.603784883567234,F164T,260.0,O1,0.0,IND
delta_bohr,0.5974976923228987,0.7494093407714231,0.8580270066115716,-2.2985953507341543,2.95968643215654,F164T,260.0,O1,0.1,IND
delta_bohr,-0.7688064746730349,-0.6045915367436505,-0.14791410105532599,-3.4882324756701006,1.7827716623297563,F164T,260.0,O1,5.0,IND
delta_bohr,-0.8157385985609097,-0.6119276014571906,-0.2575353334022865,-3.675213585340341,1.2167008462302253,F164T,260.0,O1,10.0,IND
delta_bohr,-0.2855282911683512,-0.2675329927237604,-0.26362858437023995,-0.7718988037770442,0.23475004125673848,F164T,260.0,O1,25.0,IND
delta_bohr,-0.2062718166153451,-0.21020727143839602,-0.19654415381046952,-0.5284972963700552,0.1657752729583215,F164T,260.0,O1,50.0,IND
delta_bohr,-0.10293435484473673,-0.10084984352349757,-0.09855389054561003,-0.3973103994354936,0.21204142844257734,F164T,260.0,O1,75.0,IND
delta_bohr,-0.3204398836423716,-0.3060793486684666,-0.268512961919386,-0.8361569298728052,0.242432236082045,F164T,260.0,O1,100.0,IND
delta_bohr,0.33390091059448873,0.3376347387230235,0.3387146152663921,0.07081993351031557,0.602418122203428,F164T,260.0,O1,250.0,IND
delta_bohr,0.510484479289512,0.5035458865940108,0.47221109554088503,0.046660999465237496,0.9957390224195012,F164T,260.0,O1,500.0,IND
delta_bohr,0.5569068923312575,0.5393908699011889,0.5142457568323522,-0.033377391428002,1.102365965879629,F164T,260.0,O1,1000.0,IND
delta_bohr,0.48439632436878466,0.43854596441527327,0.424964098240163,-0.34547844338033096,1.47555633011984,F164T,260.0,O1,5000.0,IND
delta_bohr,0.842601519322171,0.9825096366242114,1.1374493279051525,-0.7966331222811078,2.0562568683471456,F164T,260.0,O2,0.0,IND
delta_bohr,0.7531508598091669,0.8375863149101308,0.9384654367569949,-0.5435324370731998,1.7636309108370463,F164T,260.0,O2,0.1,IND
delta_bohr,0.36224553364888257,0.4296221185006195,0.4626826804565676,-0.4889847250040278,1.2449390562155704,F164T,260.0,O2,5.0,IND
delta_bohr,0.4234259890759656,0.4574620284386943,0.5048696312490331,-0.2714577701862968,0.9994186023541722,F164T,260.0,O2,10.0,IND
delta_bohr,0.12680336013391538,0.15145025463676148,0.1539120185333892,-0.5320658168586667,0.8439147764065548,F164T,260.0,O2,25.0,IND
delta_bohr,-0.17457340351514786,-0.1728329315021232,-0.21874289020739363,-0.7602568921186679,0.3956360757512679,F164T,260.0,O2,50.0,IND
delta_bohr,-0.052543243777084594,-0.05776139368770497,-0.10142567497070212,-0.6342673184759801,0.6105216245338165,F164T,260.0,O2,75.0,IND
delta_bohr,0.012442918772172636,0.005655599526830701,0.03226578479761488,-0.519275728335783,0.5228097413127899,F164T,260.0,O2,100.0,IND
delta_bohr,0.13656854309163424,0.026765383695952827,-0.2583873653493536,-1.1775416199851254,1.6821781980544195,F164T,260.0,O2,250.0,IND
delta_bohr,0.3751384811501048,0.14880031311185649,-0.044004720833745736,-1.3149612098146912,2.5310444667725993,F164T,260.0,O2,500.0,IND
delta_bohr,-0.1707235381797164,-0.24836560268810626,-0.37002504798254954,-1.2682197705173852,1.1190447907057708,F164T,260.0,O2,1000.0,IND
delta_bohr,0.42485392652170195,0.3055582673296937,0.3198181004951708,-1.2625868657271997,2.316277014734956,F164T,260.0,O2,5000.0,IND
delta_bohr,1.1611196155927999,1.1148415041978295,1.0799044086203162,0.42204682828287066,1.9775144435388197,F164T,260.0,O3,0.0,IND
delta_bohr,0.9976025881576541,0.9840689046531839,0.994385624324167,0.40702311416122566,1.59553009654031,F164T,260.0,O3,0.1,IND
delta_bohr,0.3374286485259137,0.2616852698117432,0.1979564495641175,-0.859001116766413,1.4997329271480353,F164T,260.0,O3,5.0,IND
delta_bohr,-0.68140705480555,-0.5993520123076876,-0.4257271391511803,-3.0342000610772173,1.0635879228341008,F164T,260.0,O3,10.0,IND
delta_bohr,0.49474482637522743,0.4142953420004387,0.40151134956602297,-1.3757475424020753,2.7285322280169835,F164T,260.0,O3,25.0,IND
delta_bohr,-0.14019518204454898,-0.16992013715768528,-0.12289665845271402,-3.130805835876885,3.2930038008657445,F164T,260.0,O3,50.0,IND
delta_bohr,-1.2578090676928095,-1.2419306030866395,-1.3283873403561395,-4.587450969504777,1.8948384575174395,F164T,260.0,O3,75.0,IND
delta_bohr,-0.1889041476180712,-0.2024708045468302,-0.18329938023432213,-2.9669350899509284,2.549692367842634,F164T,260.0,O3,100.0,IND
delta_bohr,-0.9013159599903031,-0.8615278027307762,-0.8609035610365106,-3.9276334861982307,2.1481824712864848,F164T,260.0,O3,250.0,IND
delta_bohr,-0.951616542674509,-0.917236997839554,-0.6423354036137203,-4.234463697353151,2.149809947487249,F164T,260.0,O3,500.0,IND
delta_bohr,-0.482141831870251,-0.5108051573855534,-0.44680575684255874,-3.2066697540968434,2.4749423163930917,F164T,260.0,O3,1000.0,IND
delta_bohr,4.563433706633669,4.5477120483866775,4.521550037775544,4.092742423896802,5.060044989213067,Q21A,60.0,O2,0.0,DNA
delta_bohr,4.180904825945529,4.095989046891086,3.9332493762298513,3.237935017426886,5.282365967008841,Q21A,60.0,O2,0.1,DNA
delta_bohr,4.270860970188981,4.170538530917401,4.068511297272902,3.2459266171173002,5.369060913242659,Q21A,60.0,O2,5.0,DNA
delta_bohr,3.4687718022840617,3.4189072059500507,3.4209423542620687,2.6550412632366402,4.211848449389178,Q21A,60.0,O2,10.0,DNA
delta_bohr,2.696955271038881,2.647931362857073,2.5980648494219807,1.8253108298536105,3.5264279542110146,Q21A,60.0,O2,25.0,DNA
delta_bohr,2.335510136105982,2.244248658694284,2.1646610067010457,1.31103310737111,3.43535265477476,Q21A,60.0,O2,50.0,DNA
delta_bohr,2.7546191072930033,2.5986628130255642,2.3573936060305645,1.0186048735645017,4.7957968979141485,Q21A,60.0,O2,75.0,DNA
delta_bohr,2.2882650003874367,2.0876260912652165,1.9452330737971661,0.6113601432012672,4.439586517685315,Q21A,60.0,O2,100.0,DNA
delta_bohr,1.1947320578684935,1.0141112897603004,0.7656835569623719,-0.7312292517125365,3.4901416467628357,Q21A,60.0,O2,250.0,DNA
delta_bohr,1.2405087968129345,1.0482480195824317,0.8238452092886868,-0.5736059876055335,3.6934471756622624,Q21A,60.0,O2,500.0,DNA
delta_bohr,0.07210368692456154,-0.05730150093878272,-0.16253397337634556,-1.842818545146173,2.218903346005574,Q21A,60.0,O2,1000.0,DNA
delta_bohr,0.5187346277645295,0.37433417792315415,0.12336201752540177,-1.465482019089491,2.8481480056225013,Q21A,60.0,O2,5000.0,DNA
delta_bohr,4.095525788040313,4.094904317687105,4.091089774824594,3.8265516266033606,4.3493006699581125,Q21A,124.0,O2,0.0,DNA
delta_bohr,4.095196762931825,4.095666341370396,4.087525596303701,3.8355917966404247,4.36239976817409,Q21A,124.0,O2,0.1,DNA
delta_bohr,3.3808044380635267,3.374400800509215,3.372664994220566,3.051354013516287,3.7269337670291165,Q21A,124.0,O2,5.0,DNA
delta_bohr,3.039591855641721,3.0265880115281556,2.979432951177013,2.5896272877144386,3.530285915415952,Q21A,124.0,O2,10.0,DNA
delta_bohr,2.4036510829609754,2.3433035542696823,2.2745760295476116,1.5860789675432752,3.306270216732786,Q21A,124.0,O2,25.0,DNA
delta_bohr,2.330565607621596,2.2224116815866495,2.1113758750006277,1.2672618947765248,3.7412953010200933,Q21A,124.0,O2,50.0,DNA
delta_bohr,2.4653940515034245,2.294051731517953,2.0007451716863462,0.9197939360070562,4.385644032447418,Q21A,124.0,O2,75.0,DNA
delta_bohr,2.6299678882393636,2.427989742012471,1.9935226323934814,0.8044509125760431,4.884013517618446,Q21A,124.0,O2,100.0,DNA
delta_bohr,2.3341990296631243,2.154110580597889,1.9235224852277835,0.13090871589485298,5.087514595764627,Q21A,124.0,O2,250.0,DNA
delta_bohr,1.4230111269617398,1.2345180720491178,0.7888510833592384,-0.4421305926889181,3.81682349617198,Q21A,124.0,O2,500.0,DNA
delta_bohr,0.8346763708821769,0.6551927029624998,0.4828331398487098,-1.091019968300972,3.003741406985434,Q21A,124.0,O2,1000.0,DNA
delta_bohr,1.4095818945859755,1.244457865247063,1.0223568908846552,-0.7084151109048817,4.12928549916308,Q21A,124.0,O2,5000.0,DNA
delta_bohr,3.362979559039115,3.366986782911834,3.3639634545106483,3.09410606304335,3.6182100353804967,Q21A,260.0,O2,0.0,DNA
delta_bohr,3.422702190034568,3.4208265801634603,3.4195647964548344,3.1314854971925437,3.701086705674849,Q21A,260.0,O2,0.1,DNA
delta_bohr,2.882113901808988,2.877360945852103,2.876987272471753,2.634030649346698,3.125033070470798,Q21A,260.0,O2,5.0,DNA
delta_bohr,2.5728796720430362,2.57512680109249,2.570358734425574,2.2520363554913327,2.871091271024069,Q21A,260.0,O2,10.0,DNA
delta_bohr,2.5433232082828496,2.54235971593352,2.5335018294085696,2.254284701957271,2.8561234790610293,Q21A,260.0,O2,25.0,DNA
delta_bohr,2.1645055109061846,2.1420688546563533,2.1171652339457356,1.6273590407373555,2.7179910888191166,Q21A,260.0,O2,50.0,DNA
delta_bohr,2.5047734634391157,2.452803439911357,2.3690958402099773,1.7611030490128559,3.510684855264902,Q21A,260.0,O2,75.0,DNA
delta_bohr,2.1770709622994806,2.0673042355475193,2.0220618609789938,1.23420803293972,3.368567378544314,Q21A,260.0,O2,100.0,DNA
delta_bohr,2.343003178216149,2.1500122130648274,1.9223956868744483,0.49279107523506727,4.708693004149215,Q21A,260.0,O2,250.0,DNA
delta_bohr,1.5455814610794953,1.39419261434944,1.265076905648315,0.07628805233560376,3.507809445821859,Q21A,260.0,O2,500.0,DNA
delta_bohr,1.0477950056818295,0.8484524308570336,0.7202518286179189,-0.553544448411945,3.1368535133506903,Q21A,260.0,O2,1000.0,DNA
delta_bohr,1.2033773416717128,1.054024032408318,0.8383379728909119,-0.5529578538578743,3.4358683121881226,Q21A,260.0,O2,5000.0,DNA
delta_bohr,3.0011399682530606,3.011623605165518,3.0201639920612213,2.477896741107263,3.5536109636360873,Q21A,1220.0,O2,0.0,DNA
delta_bohr,3.067392358571574,3.065229633174823,3.061233185125372,2.7064662332184914,3.3927032128779024,Q21A,1220.0,O2,0.1,DNA
delta_bohr,2.6950744956851564,2.6906891162239206,2.681209122055397,2.3888886774409297,2.9846138489356218,Q21A,1220.0,O2,5.0,DNA
delta_bohr,2.589937350930847,2.5874730941629815,2.590742402654686,2.3132159349060197,2.8794609939404276,Q21A,1220.0,O2,10.0,DNA
delta_bohr,2.540965879304117,2.535456367975309,2.5350719983965755,2.200939563654798,2.855929411372306,Q21A,1220.0,O2,25.0,DNA
delta_bohr,2.4501911545192065,2.4440975224815373,2.4239214813136822,2.140068330541637,2.7951833244242366,Q21A,1220.0,O2,50.0,DNA
delta_bohr,2.4699222530668465,2.4613248946375332,2.4513538795449494,2.0600061385888004,2.8931817029623206,Q21A,1220.0,O2,75.0,DNA
delta_bohr,2.3419026996941796,2.3325741474639585,2.303135692093984,1.9582077968835727,2.735812788732009,Q21A,1220.0,O2,100.0,DNA
delta_bohr,2.1729457816536453,2.1121801939050386,2.04024139983106,1.3318574186240535,3.0924005659479867,Q21A,1220.0,O2,250.0,DNA
delta_bohr,2.1231787015074888,2.0582142973113893,2.053604121964047,1.3968071844211802,2.937956106022285,Q21A,1220.0,O2,500.0,DNA
delta_bohr,1.7724577175333314,1.6823760248331259,1.5015304540970908,0.8336541544805698,2.968255681102815,Q21A,1220.0,O2,1000.0,DNA
delta_bohr,1.3774201791103096,1.2845906530126165,1.1559445311587961,0.3830782778945623,2.6143824385130148,Q21A,1220.0,O2,5000.0,DNA
delta_bohr,3.667367098806478,3.676830555376669,3.6967861861917277,3.1833691029078355,4.133206464784386,Q21A-F164T,260.0,O2,0.0,DBL
delta_bohr,3.986601939774453,3.9846883864475817,3.9714789525014313,3.569546079774093,4.4181846616532825,Q21A-F164T,260.0,O2,0.1,DBL
delta_bohr,3.1383738293857792,3.136062370511511,3.129404564269972,2.7260928923093943,3.496438818761372,Q21A-F164T,260.0,O2,5.0,DBL
delta_bohr,2.7925041094309924,2.7922504359990556,2.784358144531607,2.4019666081319455,3.147819654846242,Q21A-F164T,260.0,O2,10.0,DBL
delta_bohr,2.452613737905812,2.443442828354587,2.4352823308752685,1.917015506705425,2.979638760573203,Q21A-F164T,260.0,O2,25.0,DBL
delta_bohr,2.166658837334105,2.1136617844541856,2.060639339103156,1.3403200547030574,3.0449160241022284,Q21A-F164T,260.0,O2,50.0,DBL
delta_bohr,2.7336436401793467,2.558047079934295,2.332336061275844,1.2599880027007848,4.693080531562636,Q21A-F164T,260.0,O2,75.0,DBL
delta_bohr,3.2461303504433285,3.0671045757044157,2.8624523034567044,1.5884283125363388,5.267873780106155,Q21A-F164T,260.0,O2,100.0,DBL
delta_bohr,2.20145209865576,2.0506047354421577,1.6476979075921898,0.2898994226077303,4.511090304845247,Q21A-F164T,260.0,O2,250.0,DBL
delta_bohr,2.186601784932401,2.0116024991628967,1.7164691882758332,0.0903353335032886,4.80368170827008,Q21A-F164T,260.0,O2,500.0,DBL
delta_bohr,2.1728749649782757,1.9921789684796147,1.8330691574008338,0.3357111938620547,4.681228506422235,Q21A-F164T,260.0,O2,1000.0,DBL
delta_bohr,1.7358143670145083,1.5647216961073687,1.2762006791414289,-0.5970302351771231,4.188150724629177,Q21A-F164T,260.0,O2,5000.0,DBL
delta_bohr,5.870240334240741,5.767107315261189,5.5739253472923815,4.826265209515732,7.083289045903288,Q21A-Q294K,260.0,O2,0.0,DBL
delta_bohr,6.283366047480031,6.185495352545243,6.001710252920183,5.222144328196427,7.546911251423192,Q21A-Q294K,260.0,O2,0.1,DBL
delta_bohr,4.649936697724881,4.642612223503347,4.594375444377608,4.235664958329765,5.078792776771159,Q21A-Q294K,260.0,O2,5.0,DBL
delta_bohr,4.092350274812222,4.0864748809553975,4.052955356232948,3.7752369351244432,4.451067627934753,Q21A-Q294K,260.0,O2,10.0,DBL
delta_bohr,2.9345289979788673,2.9213079646461457,2.9343794929302924,2.496285021079287,3.3728893414748073,Q21A-Q294K,260.0,O2,25.0,DBL
delta_bohr,1.9641962577501073,1.9312848595595073,1.877769783726335,1.5117475788739339,2.468824942710411,Q21A-Q294K,260.0,O2,50.0,DBL
delta_bohr,1.6701477505899114,1.651895014884929,1.6222628527057923,1.1183413564783038,2.2444429717935517,Q21A-Q294K,260.0,O2,75.0,DBL
delta_bohr,1.2073200993360753,1.176863984608437,1.1561182969081605,0.5993251839769268,1.840663641953605,Q21A-Q294K,260.0,O2,100.0,DBL
delta_bohr,0.6847252379314626,0.5470095430547534,0.4134109300724105,-0.6416489159066492,2.2366070980919863,Q21A-Q294K,260.0,O2,250.0,DBL
delta_bohr,1.1668989432241463,0.9852222866928406,0.7975075368215325,-0.3565723278327395,3.0118612821322728,Q21A-Q294K,260.0,O2,500.0,DBL
delta_bohr,1.1913376950696333,0.9519830397547242,0.6507648760269276,-0.6914879156142291,3.6689506801520424,Q21A-Q294K,260.0,O2,1000.0,DBL
delta_bohr,1.3770726917191818,1.2153035200670512,0.9205184084556208,-0.48723218561034765,3.888888548068694,Q21A-Q294K,260.0,O2,5000.0,DBL
delta_bohr,3.425560642400681,3.4362086259338147,3.4538292714829053,2.9709543239111946,3.945757067099221,Q21A-Q294V,260.0,O2,0.0,DBL
delta_bohr,3.780957364384074,3.777745253363238,3.7674760506963745,3.3596323202895126,4.151565814507309,Q21A-Q294V,260.0,O2,0.1,DBL
delta_bohr,2.520233621561078,2.5203028717802205,2.5015225489432646,2.1878557515914276,2.8722703695956753,Q21A-Q294V,260.0,O2,5.0,DBL
delta_bohr,1.9556253283359113,1.9510761407735742,1.9394904123161556,1.6876701143865902,2.2381639227252013,Q21A-Q294V,260.0,O2,10.0,DBL
delta_bohr,0.842209170669567,0.8440324547103966,0.8636724305041121,0.3881298084626763,1.2368554442861752,Q21A-Q294V,260.0,O2,25.0,DBL
delta_bohr,0.18739190941214592,0.18370999462651094,0.17121670474564588,-0.2260454289840505,0.5615958333453696,Q21A-Q294V,260.0,O2,50.0,DBL
delta_bohr,0.050168026585437,0.044642414780215356,-0.0032179308333684653,-0.4556311904908693,0.5513845476061172,Q21A-Q294V,260.0,O2,75.0,DBL
delta_bohr,-0.21952880867524932,-0.22079794308130601,-0.17579596557501975,-0.7771320554162103,0.35805074003436643,Q21A-Q294V,260.0,O2,100.0,DBL
delta_bohr,0.24276676296607164,0.15867474602022325,0.11194933605258162,-0.8015762788996879,1.4081549109663698,Q21A-Q294V,260.0,O2,250.0,DBL
delta_bohr,0.1322130766135396,0.11512125419405672,0.12530234506829485,-0.6212095547556449,0.8853339575426245,Q21A-Q294V,260.0,O2,500.0,DBL
delta_bohr,1.1789882202315742,0.9765899176365633,0.6921989519012155,-0.7157743090867865,3.3313870531140335,Q21A-Q294V,260.0,O2,1000.0,DBL
delta_bohr,0.07182052369670967,0.05782862850319015,0.0872721550711073,-1.099709158812368,1.1446219764088017,Q21A-Q294V,260.0,O2,5000.0,DBL
delta_bohr,-1.4690962022673064,-1.2449868472785408,-1.0901888297849394,-3.955617381405562,0.18643740712628976,Q21M,60.0,O2,0.0,DNA
delta_bohr,-1.289810358428235,-1.2270415727403703,-1.1440020130759123,-3.022959855003682,0.39446957866249166,Q21M,60.0,O2,0.1,DNA
delta_bohr,-1.4392719647986534,-1.4219197589348822,-1.409043627712942,-2.111207295180275,-0.845243168844684,Q21M,60.0,O2,5.0,DNA
delta_bohr,-1.2742015462725604,-1.2604308120331478,-1.2688196210080882,-1.8272549061266414,-0.7246286837069953,Q21M,60.0,O2,10.0,DNA
delta_bohr,-1.2070078140864131,-1.1893154874266445,-1.1979277536603106,-1.759654118784278,-0.6933686687061317,Q21M,60.0,O2,25.0,DNA
delta_bohr,-1.3429651565535223,-1.3381806275603443,-1.3079420303772042,-1.7867372045950045,-0.883874194569809,Q21M,60.0,O2,50.0,DNA
delta_bohr,-1.3720261421514475,-1.3479534421045007,-1.3240459059612122,-1.9178020705908378,-0.8711960936112706,Q21M,60.0,O2,75.0,DNA
delta_bohr,-1.7507558404820547,-1.739516859132927,-1.7244381632830923,-2.3060603908351194,-1.1603863831011993,Q21M,60.0,O2,100.0,DNA
delta_bohr,-1.6142813630925716,-1.5917426589010286,-1.5301718285883994,-2.372442377954173,-0.9056509815262042,Q21M,60.0,O2,250.0,DNA
delta_bohr,-1.2847113308878335,-1.2973005332111707,-1.3276364667331597,-1.9317874278229374,-0.7197285693025508,Q21M,60.0,O2,500.0,DNA
delta_bohr,-0.8930484078109993,-0.8711144315516667,-0.8792027222985475,-2.0996492287179893,0.43435111134775806,Q21M,60.0,O2,1000.0,DNA
delta_bohr,-0.7613882572820206,-0.733486284765847,-0.6962898131172237,-1.7772456501026193,0.15410669205061245,Q21M,60.0,O2,5000.0,DNA
delta_bohr,-0.19991388862468976,-0.12311153479453618,-0.058609838559802174,-1.34473808415804,0.7780872253627034,Q21M,124.0,O2,0.0,DNA
delta_bohr,-1.222096414116177,-1.153302692827128,-1.0643583736441689,-2.312499523409552,-0.29633559507998797,Q21M,124.0,O2,0.1,DNA
delta_bohr,-1.630589431853505,-1.5623374454999484,-1.5490628329667864,-2.5974324942644893,-0.6362458377213511,Q21M,124.0,O2,5.0,DNA
delta_bohr,-1.4225450065989977,-1.4047707927359543,-1.3868346660274549,-1.9720747043724702,-0.8219133383211974,Q21M,124.0,O2,10.0,DNA
delta_bohr,-1.2651109104215637,-1.228364288575122,-1.1957689333897998,-1.8874776664917232,-0.6715008344771911,Q21M,124.0,O2,25.0,DNA
delta_bohr,-1.4030821795451065,-1.3916689044091235,-1.3965299732316403,-1.8234787157923849,-0.9047950626994155,Q21M,124.0,O2,50.0,DNA
delta_bohr,-1.3955690755439754,-1.394012502280356,-1.3820774713572166,-1.767870773618199,-1.0779383071081088,Q21M,124.0,O2,75.0,DNA
delta_bohr,-1.8819224860554296,-1.8799792533162023,-1.8631450396739888,-2.238589553803252,-1.5412476017398338,Q21M,124.0,O2,100.0,DNA
delta_bohr,-1.9352849067976219,-1.9175878887932702,-1.8662484935380288,-2.551742619731807,-1.3336691781093755,Q21M,124.0,O2,250.0,DNA
delta_bohr,-1.6495038310510197,-1.6329449672061647,-1.6033572554880569,-2.3651706734990077,-1.0008464129766532,Q21M,124.0,O2,500.0,DNA
delta_bohr,-1.4866308284886194,-1.4832878980612056,-1.4516359345488852,-2.344078983668174,-0.7410595167023797,Q21M,124.0,O2,1000.0,DNA
delta_bohr,-1.42313812221759,-1.3764846701750781,-1.3689403115444279,-2.496000466837252,-0.35883727484326866,Q21M,124.0,O2,5000.0,DNA
delta_bohr,-0.13700543645117014,-0.030040957785101963,0.08769217389137296,-1.6137486891628914,1.3129079259417153,Q21M,260.0,O2,0.0,DNA
delta_bohr,-1.4389033336821835,-1.3719404801957547,-1.3325063058173177,-2.3690717712474525,-0.5672737778765242,Q21M,260.0,O2,0.1,DNA
delta_bohr,-1.5846989924288097,-1.4514337609833818,-1.2726671042819122,-3.1994869671049937,-0.27877161653438387,Q21M,260.0,O2,5.0,DNA
delta_bohr,-1.1819870288151262,-1.1565414761955868,-1.1405659857259955,-1.8546256844339606,-0.58516734681425,Q21M,260.0,O2,10.0,DNA
delta_bohr,-0.989650045014489,-0.9619962357218897,-0.9593668896642367,-1.6895336242185537,-0.2587050129303612,Q21M,260.0,O2,25.0,DNA
delta_bohr,-1.3226216415329017,-1.3084445540752516,-1.3079638788265329,-1.808184174654744,-0.8740051434916698,Q21M,260.0,O2,50.0,DNA
delta_bohr,-1.3499371339257051,-1.348205615764642,-1.3228694617876136,-1.6442440556234819,-1.0618662546408504,Q21M,260.0,O2,75.0,DNA
delta_bohr,-1.5704579063078685,-1.5611081700409748,-1.5767004411170358,-2.0010041104622314,-1.1198155834332173,Q21M,260.0,O2,100.0,DNA
delta_bohr,-1.8581601224204778,-1.8512394574876816,-1.8539163827956857,-2.2517733782360807,-1.4745304349194008,Q21M,260.0,O2,250.0,DNA
delta_bohr,-1.5215175838117483,-1.507948723662177,-1.4877863270095837,-1.9759445066539834,-1.098430206991639,Q21M,260.0,O2,500.0,DNA
delta_bohr,-1.3966427692634014,-1.3826071020409865,-1.3577902390277794,-1.852860042675576,-0.95904664639086,Q21M,260.0,O2,1000.0,DNA
delta_bohr,-1.1820168684109247,-1.1306309919948874,-1.0473278526864458,-1.9453061789770576,-0.4764792240264404,Q21M,260.0,O2,5000.0,DNA
delta_bohr,0.1505804445683113,0.3672416029037828,0.7118336890377783,-2.365983839428208,2.5015525405623675,Q21M,1220.0,O2,0.0,DNA
delta_bohr,0.24377273581054645,0.4353900277430407,0.642412250868504,-2.5482176680761306,2.508263136947331,Q21M,1220.0,O2,0.1,DNA
delta_bohr,-0.3251290947626504,-0.1421331616056487,0.19766434891220097,-2.774372282004421,1.658020963018917,Q21M,1220.0,O2,5.0,DNA
delta_bohr,-1.3698538084240044,-1.2415604812043872,-1.181477852446854,-3.3228948512121206,0.16102703406058128,Q21M,1220.0,O2,10.0,DNA
delta_bohr,-0.5210040273542237,-0.4406309532595021,-0.3988431478261383,-1.6736445124553763,0.5125200975511044,Q21M,1220.0,O2,25.0,DNA
delta_bohr,-0.9901392703237774,-0.956967447867313,-0.9442308376090855,-1.7600605721689346,-0.2769568767266821,Q21M,1220.0,O2,50.0,DNA
delta_bohr,-1.0665460687891102,-1.054083766924298,-1.0488123847722095,-1.5766818680950756,-0.5510295996552026,Q21M,1220.0,O2,75.0,DNA
delta_bohr,-1.190060455188988,-1.1566018068590525,-1.0845069659035345,-1.911359451600287,-0.566060031649969,Q21M,1220.0,O2,100.0,DNA
delta_bohr,-1.6406722451421867,-1.6340024487862441,-1.6229168213033236,-2.002256484188208,-1.2938207413420408,Q21M,1220.0,O2,250.0,DNA
delta_bohr,-1.476526020480167,-1.4760240690286768,-1.478087741404363,-1.6778338204913879,-1.267428307800185,Q21M,1220.0,O2,500.0,DNA
delta_bohr,-1.500815742589045,-1.5004205977764937,-1.4894855567426641,-1.7539886784381031,-1.2136158973876994,Q21M,1220.0,O2,1000.0,DNA
delta_bohr,-1.5387861049590745,-1.534220896691749,-1.5035155004899103,-1.8686161243083599,-1.1228500129352277,Q21M,1220.0,O2,5000.0,DNA
delta_bohr,0.5008795354497011,0.7418864895872466,0.9638675200281046,-1.8395104967726459,2.6879305047258715,Q21M-F164T,260.0,O2,0.0,DBL
delta_bohr,-0.41651948375409353,-0.24887669041300553,0.09160406010039157,-2.5582760211854794,1.2974244002913808,Q21M-F164T,260.0,O2,0.1,DBL
delta_bohr,-1.2672032308187349,-1.070233636174338,-0.8949691248385019,-3.4228162512037645,0.40411716386226626,Q21M-F164T,260.0,O2,5.0,DBL
delta_bohr,-1.5323536889654288,-1.3910581363425571,-1.2047131396187405,-3.1347089122324965,-0.23601509482332172,Q21M-F164T,260.0,O2,10.0,DBL
delta_bohr,-1.1746286152241476,-1.149733498785859,-1.127988215483881,-1.764046373305188,-0.546099918220345,Q21M-F164T,260.0,O2,25.0,DBL
delta_bohr,-1.3905209566821646,-1.3627943615887177,-1.3208683794189695,-1.8878691084817378,-0.9090045246125942,Q21M-F164T,260.0,O2,50.0,DBL
delta_bohr,-1.2995655686629843,-1.2940144186383065,-1.2655118794466758,-1.7801274794407789,-0.8077431222453153,Q21M-F164T,260.0,O2,75.0,DBL
delta_bohr,-1.565057347709412,-1.5560114547549175,-1.5164149118173205,-2.0591641676205343,-1.1002908217877758,Q21M-F164T,260.0,O2,100.0,DBL
delta_bohr,-1.7980747723629107,-1.791560160280755,-1.7756671122681336,-2.3447603559940102,-1.3316001230443795,Q21M-F164T,260.0,O2,250.0,DBL
delta_bohr,-1.178454339210154,-1.1722057686169234,-1.166804658589652,-1.8136137191306902,-0.5676812842468015,Q21M-F164T,260.0,O2,500.0,DBL
delta_bohr,-1.2425065135705406,-1.2386011625980236,-1.205626001682372,-1.7797279027918336,-0.6990019526377222,Q21M-F164T,260.0,O2,1000.0,DBL
delta_bohr,-0.9342237808663755,-0.8898655239458183,-0.8588435338397511,-1.7865350806514104,-0.025967630538785036,Q21M-F164T,260.0,O2,5000.0,DBL
delta_bohr,1.655332112798478,1.7883875482835605,1.9621217435898775,0.2019781118006092,2.902046330625511,Q21M-Q294K,260.0,O2,0.0,DBL
delta_bohr,1.840796009615602,1.840085883173142,1.8280292074018982,1.5824211914154085,2.1265516396479534,Q21M-Q294K,260.0,O2,0.1,DBL
delta_bohr,0.6982665537124109,0.6982697071708219,0.6994539184708617,0.29057421107833203,1.058412322748758,Q21M-Q294K,260.0,O2,5.0,DBL
delta_bohr,0.09327993706913722,0.10609756609751231,0.11325565972974738,-0.3081468035524959,0.5262811952150392,Q21M-Q294K,260.0,O2,10.0,DBL
delta_bohr,-1.0233569272247276,-1.0259569325087519,-1.0138001943159736,-1.289850099719665,-0.7332972114642822,Q21M-Q294K,260.0,O2,25.0,DBL
delta_bohr,-1.795926406982044,-1.7897606153185626,-1.7888307249234299,-2.0541493494629135,-1.5188421296267132,Q21M-Q294K,260.0,O2,50.0,DBL
delta_bohr,-2.340052965307093,-2.3394795828282704,-2.3599961727107948,-2.606252160584236,-2.0556661475207996,Q21M-Q294K,260.0,O2,75.0,DBL
delta_bohr,-2.775677532826929,-2.7700890764238637,-2.7694033249670573,-3.094712171037148,-2.452039231976233,Q21M-Q294K,260.0,O2,100.0,DBL
delta_bohr,-3.442987387977028,-3.4320008735618854,-3.3823749759593342,-3.845809964519222,-3.0574228601139612,Q21M-Q294K,260.0,O2,250.0,DBL
delta_bohr,-3.1879203739576947,-3.175662750911969,-3.1449034473570117,-3.6584045142365724,-2.7597064754111416,Q21M-Q294K,260.0,O2,500.0,DBL
delta_bohr,-2.761005273615559,-2.7502449635849366,-2.7436539900322963,-3.269203763785236,-2.292468528885202,Q21M-Q294K,260.0,O2,1000.0,DBL
delta_bohr,-1.4369841597602029,-1.4113991158983912,-1.3690424157585015,-2.217874931396713,-0.5974356601699793,Q21M-Q294K,260.0,O2,5000.0,DBL
delta_bohr,0.602311137632798,0.8010816440266879,1.163098434265199,-1.7602994260552292,2.3880447841893098,Q21M-Q294V,260.0,O2,0.0,DBL
delta_bohr,0.3232833903980176,0.41855132881948554,0.46963317272904437,-0.9722330029455097,1.429448828263506,Q21M-Q294V,260.0,O2,0.1,DBL
delta_bohr,-1.56300957987116,-1.3699036060045235,-1.063388177318533,-3.670133899788617,0.12964634857204294,Q21M-Q294V,260.0,O2,5.0,DBL
delta_bohr,-2.127937427736675,-1.9487386529459823,-1.8230983517129289,-4.035956649074518,-0.6144245031539817,Q21M-Q294V,260.0,O2,10.0,DBL
delta_bohr,-2.6599544067368126,-2.5937020978775704,-2.4811736418826564,-3.654932549420262,-1.7338189427221098,Q21M-Q294V,260.0,O2,25.0,DBL
delta_bohr,-3.2083688485363058,-3.1612922243647015,-3.114270796863057,-3.977257630544651,-2.5015679154423176,Q21M-Q294V,260.0,O2,50.0,DBL
delta_bohr,-4.0481162583231525,-3.9626897340588254,-3.8593457048818562,-5.288685797099179,-3.076999751816411,Q21M-Q294V,260.0,O2,75.0,DBL
delta_bohr,-4.030169095786961,-3.9658023772773063,-3.84008824178937,-5.117333614903188,-3.256291968518193,Q21M-Q294V,260.0,O2,100.0,DBL
delta_bohr,-3.8766803326114703,-3.8612090000399135,-3.8205305852966456,-4.468375314416283,-3.3461275151820544,Q21M-Q294V,260.0,O2,250.0,DBL
delta_bohr,-3.385038522819442,-3.362225335401101,-3.3270622429589336,-3.900422675993684,-2.926872077053772,Q21M-Q294V,260.0,O2,500.0,DBL
delta_bohr,-2.572209420971827,-2.565903911806555,-2.5247092489435974,-3.1552135680402227,-1.9858267764997852,Q21M-Q294V,260.0,O2,1000.0,DBL
delta_bohr,-1.5873572991313996,-1.5388116967974659,-1.4946604793629046,-2.4209954497350434,-0.7777686645393849,Q21M-Q294V,260.0,O2,5000.0,DBL
delta_bohr,2.8441558389996824,2.8304379981923966,2.8218400212679313,2.497084390126923,3.166318816974825,Q294K,260.0,O1,0.0,IND
delta_bohr,3.428597321219275,3.342298738558338,3.2718914719436234,2.64022804030317,4.35453142396203,Q294K,260.0,O1,0.1,IND
delta_bohr,2.133399809795675,2.125099842873459,2.099887000904794,1.8066644889180852,2.517271022379065,Q294K,260.0,O1,5.0,IND
delta_bohr,1.5840843577783037,1.5817296561080427,1.579084519870269,1.3829666214159957,1.7700655809993866,Q294K,260.0,O1,10.0,IND
delta_bohr,0.6218154925584238,0.6205197711422841,0.6197801849490587,0.44919734486227814,0.799499501249151,Q294K,260.0,O1,25.0,IND
delta_bohr,-0.05778790564969584,-0.06076281466145372,-0.07110244821643508,-0.3569583874567779,0.25392133263297856,Q294K,260.0,O1,50.0,IND
delta_bohr,-0.6544604302958045,-0.6559825462161488,-0.6765520968741658,-0.9253160706502834,-0.37678779616365055,Q294K,260.0,O1,75.0,IND
delta_bohr,-0.9243532892249435,-0.9244440260017068,-0.9369143011386027,-1.1660733971274526,-0.6933551749815108,Q294K,260.0,O1,100.0,IND
delta_bohr,-1.5208404390286985,-1.519488268382819,-1.5200330925930696,-1.728904077576646,-1.290130615925671,Q294K,260.0,O1,250.0,IND
delta_bohr,-1.7239224869640144,-1.7127931184280214,-1.7082624697093358,-2.121222784215072,-1.3091489290944087,Q294K,260.0,O1,500.0,IND
delta_bohr,-1.5644628699590513,-1.5606736292878383,-1.5612937944893295,-1.9587260155970623,-1.1970141217357173,Q294K,260.0,O1,1000.0,IND
delta_bohr,-1.1897104466661526,-1.1889926770887111,-1.1384750577777827,-1.6500135378777268,-0.7321395197569613,Q294K,260.0,O1,5000.0,IND
delta_bohr,2.9904827325151935,2.9895108230433767,3.0072294271459334,2.7798051843858107,3.1957274378591336,Q294K,260.0,O2,0.0,IND
delta_bohr,3.2606257784683024,3.257915657337019,3.256088109443601,3.0189254961528134,3.4907087035935263,Q294K,260.0,O2,0.1,IND
delta_bohr,2.1655634151544,2.1618520486609585,2.163645011848173,1.907723935137358,2.439115411991869,Q294K,260.0,O2,5.0,IND
delta_bohr,1.676211984648271,1.6748975968924553,1.6625106496678126,1.4540600912389583,1.893343479141138,Q294K,260.0,O2,10.0,IND
delta_bohr,0.4632918935389613,0.461444208883966,0.42222015044359484,0.19422110615331134,0.727885046856225,Q294K,260.0,O2,25.0,IND
delta_bohr,-0.5836432908253966,-0.5835065854387428,-0.5901223442760901,-0.7749167652185621,-0.38968438534333544,Q294K,260.0,O2,50.0,IND
delta_bohr,-0.9778485107960797,-0.975476377482654,-0.9432015630040768,-1.2600001776797636,-0.6691930223685856,Q294K,260.0,O2,75.0,IND
delta_bohr,-1.4811720494972958,-1.4797623401388127,-1.4785783365010787,-1.7703947858872693,-1.1890313004800042,Q294K,260.0,O2,100.0,IND
delta_bohr,-1.78242211128437,-1.7681578883812548,-1.751014753964065,-2.1729551461749628,-1.3806572677844164,Q294K,260.0,O2,250.0,IND
delta_bohr,-1.89045852656508,-1.8702062110569333,-1.8667568502399154,-2.357045939437545,-1.4662569662847291,Q294K,260.0,O2,500.0,IND
delta_bohr,-1.2695814544513189,-1.2480847653942309,-1.2207797353180658,-1.682096519181588,-0.8252225356068712,Q294K,260.0,O2,1000.0,IND
delta_bohr,0.32197908080561555,0.33212191022291515,0.2727217873878178,-0.6652199199827777,1.343444201682741,Q294K,260.0,O2,5000.0,IND
delta_bohr,4.722634012414532,4.516106932745047,4.088338001323499,2.494585236000027,7.5170001341414885,Q294K,260.0,O3,0.0,IND
delta_bohr,4.435995213798146,4.228273485472785,3.8877619247613593,2.1278930124978617,7.11292906955389,Q294K,260.0,O3,0.1,IND
delta_bohr,3.080244066691032,2.8968203292749237,2.354368605086444,0.7926524843335379,5.705064654005445,Q294K,260.0,O3,5.0,IND
delta_bohr,2.521937131850532,2.376079923228834,2.2800418660371555,-0.39046066942349444,6.009507570544975,Q294K,260.0,O3,10.0,IND
delta_bohr,0.3911023116468383,0.34378870129303873,0.31741653905713996,-1.432620788907831,2.617589806493282,Q294K,260.0,O3,25.0,IND
delta_bohr,0.7482867828259557,0.6909510873807059,0.8086755307784115,-2.1540229556956962,3.8320425868195223,Q294K,260.0,O3,50.0,IND
delta_bohr,-0.1651903789128311,-0.141224122906346,-0.035319922650587365,-3.214531279303167,2.830766764987812,Q294K,260.0,O3,75.0,IND
delta_bohr,-0.1748967266914966,-0.13629170674059488,-0.20196902314728904,-3.3591510549202153,2.8029895870684416,Q294K,260.0,O3,100.0,IND
delta_bohr,-0.3840967180790387,-0.4015253536073,-0.6511187597325612,-3.569980022017174,2.8568086785987417,Q294K,260.0,O3,250.0,IND
delta_bohr,-1.5081755286127494,-1.393118126649893,-1.9095295089037454,-5.15950049719471,1.7157922732297117,Q294K,260.0,O3,500.0,IND
delta_bohr,1.1962299986265703,1.1436784277321774,1.2904621306510995,-2.1224664034268015,4.6267839957650745,Q294K,260.0,O3,1000.0,IND
delta_bohr,1.4448089929654486,1.4637315485202418,1.4537954568253686,0.8325271412216919,2.1048238447067646,Q294R,260.0,O1,0.0,IND
delta_bohr,2.1260386974955994,2.0667456536555897,2.0520320694128347,1.174223027390946,3.311891992960705,Q294R,260.0,O1,0.1,IND
delta_bohr,0.6024126248788017,0.6176639718227575,0.5903143627164442,-0.06881107968325573,1.2873572968303084,Q294R,260.0,O1,5.0,IND
delta_bohr,0.442867362566371,0.45267851799729253,0.48928885695858515,0.014409079340894415,0.8986090566586955,Q294R,260.0,O1,10.0,IND
delta_bohr,-0.5827571693337515,-0.5655061354556647,-0.504728951863338,-1.029311798729259,-0.12468809373681378,Q294R,260.0,O1,25.0,IND
delta_bohr,-1.4043015442022369,-1.3953160899557455,-1.378138151712892,-1.9186625660477215,-0.9193911153907033,Q294R,260.0,O1,50.0,IND
delta_bohr,-2.0496172216271997,-2.0346790299752398,-2.038162882529129,-2.484120012049167,-1.5762263166901027,Q294R,260.0,O1,75.0,IND
delta_bohr,-2.572158816520564,-2.553238679220116,-2.508390943706588,-3.2055147275334623,-1.9592295270738167,Q294R,260.0,O1,100.0,IND
delta_bohr,-3.1143770437226146,-3.096272460346071,-3.077390114181197,-3.5615010272252654,-2.693653094333268,Q294R,260.0,O1,250.0,IND
delta_bohr,-3.8667973370313895,-3.812184921308486,-3.775363107876271,-4.589708291637353,-3.182806539443517,Q294R,260.0,O1,500.0,IND
delta_bohr,-4.243600160231575,-4.2032672695595155,-4.2100268669410585,-5.071430661216751,-3.520234303306549,Q294R,260.0,O1,1000.0,IND
delta_bohr,-4.148467487349299,-4.101724781520831,-4.016600825836944,-5.067970288181804,-3.369817172955285,Q294R,260.0,O1,5000.0,IND
delta_bohr,2.4748306596390743,2.4767927203763485,2.481771174920806,2.2622638052771387,2.6768239743335576,Q294R,260.0,O2,0.0,IND
delta_bohr,2.5899764395687184,2.589042552539288,2.5762354297572703,2.2658032393848435,2.9199691328029327,Q294R,260.0,O2,0.1,IND
delta_bohr,1.4704823364222346,1.464187395748506,1.4598691570982982,1.2375110382537304,1.707469711697815,Q294R,260.0,O2,5.0,IND
delta_bohr,0.7970937489170793,0.7959095295770359,0.7939270890515779,0.5696415125139607,1.0305548182151107,Q294R,260.0,O2,10.0,IND
delta_bohr,-0.3416145014946541,-0.3424938142731575,-0.3489020563742964,-0.6132337378237114,-0.05995751653464687,Q294R,260.0,O2,25.0,IND
delta_bohr,-1.3649364327852627,-1.363517706012868,-1.3751682005680848,-1.5167478239728251,-1.2105364328529502,Q294R,260.0,O2,50.0,IND
delta_bohr,-1.7686423244439562,-1.7649727656641376,-1.7687895750981661,-2.065797441188724,-1.4526397348082671,Q294R,260.0,O2,75.0,IND
delta_bohr,-2.4485742033273494,-2.4415830370397025,-2.4576177362228164,-2.7773741917294625,-2.1241398565363525,Q294R,260.0,O2,100.0,IND
delta_bohr,-3.337874601295923,-3.3272467406950663,-3.3140483980967614,-3.8066255115856014,-2.91130285202928,Q294R,260.0,O2,250.0,IND
delta_bohr,-3.761750205338688,-3.735947845680198,-3.714677562277233,-4.1952695110938,-3.3109009855742215,Q294R,260.0,O2,500.0,IND
delta_bohr,-3.7837475983720092,-3.7672583133712134,-3.715707874996824,-4.285228747858641,-3.3486934089626774,Q294R,260.0,O2,1000.0,IND
delta_bohr,-3.429672511437931,-3.379292212981468,-3.3086026691177883,-4.18785224643875,-2.7567191152708745,Q294R,260.0,O2,5000.0,IND
delta_bohr,2.2246233146185155,2.1350913918666454,1.9327986388002376,1.1786066003854647,3.365214738174964,Q294R,260.0,O3,0.0,IND
delta_bohr,4.642885713884603,4.448552719425949,3.919073929730575,2.450284509908771,7.494382316414042,Q294R,260.0,O3,0.1,IND
delta_bohr,2.395432085260598,2.1942522172723473,2.0022861655772752,0.6333564068477633,4.6612769494029,Q294R,260.0,O3,5.0,IND
delta_bohr,1.4704531495715005,1.4040047430021338,1.3390486510130986,-1.1059574372608512,4.455728103157468,Q294R,260.0,O3,10.0,IND
delta_bohr,-0.26038571684463047,-0.2287758165276601,-0.1879991186869172,-1.752868556733188,1.1016078589020148,Q294R,260.0,O3,25.0,IND
delta_bohr,-0.6269915619257156,-0.5286833339845725,-0.3700965272179495,-3.3544760954488013,1.4763937794484177,Q294R,260.0,O3,50.0,IND
delta_bohr,-1.9736851825047406,-1.7954875831088255,-1.578670638106765,-4.336811335247156,0.22142181615091783,Q294R,260.0,O3,75.0,IND
delta_bohr,-0.8384747180184158,-0.7650302307115382,-0.5143267453720286,-3.5544171904058643,1.3176086387552561,Q294R,260.0,O3,100.0,IND
delta_bohr,-1.899164257141749,-1.7279621531730136,-1.4139311136551678,-4.521379264006688,0.48615483566688233,Q294R,260.0,O3,250.0,IND
delta_bohr,-1.7297415287608038,-1.613481092840229,-1.7906843098176077,-5.295979764202954,1.1383150129313666,Q294R,260.0,O3,500.0,IND
delta_bohr,-1.4949056002153458,-1.3387585002812676,-0.9677782253358993,-3.5585068747396367,0.22641350971018293,Q294R,260.0,O3,1000.0,IND
delta_bohr,0.4519595373795679,0.6085430421746505,0.8605115986309348,-2.0972683007470065,2.6866168982049934,Q294V,260.0,O1,0.0,IND
delta_bohr,0.48653577302915796,0.6140920813968993,0.874501345875105,-2.3386814275909265,3.21800634105102,Q294V,260.0,O1,0.1,IND
delta_bohr,-0.722733774728782,-0.5228408165415364,-0.13603950930424968,-3.3216683615864415,1.8141208133918894,Q294V,260.0,O1,5.0,IND
delta_bohr,-0.8207479686255037,-0.6173754989767644,-0.04435878964733675,-3.403223174674456,1.573152797671126,Q294V,260.0,O1,10.0,IND
delta_bohr,-2.1869224895958346,-1.9994350966929166,-1.8064011983734134,-4.727144012805544,0.036093595372700626,Q294V,260.0,O1,25.0,IND
delta_bohr,-3.724941258491992,-3.553663769168102,-3.3657096818103156,-6.037239770544675,-1.7734026422661229,Q294V,260.0,O1,50.0,IND
delta_bohr,-3.073921654000831,-2.9362365534888695,-2.806563772676986,-4.953118459016368,-1.4554557640809955,Q294V,260.0,O1,75.0,IND
delta_bohr,-3.377760085808956,-3.2028827480501847,-2.8952096929930202,-5.543907492082163,-1.4251714531313548,Q294V,260.0,O1,100.0,IND
delta_bohr,-2.655124183289256,-2.6306228591827754,-2.644185416028461,-3.133775963627925,-2.1892886307385195,Q294V,260.0,O1,250.0,IND
delta_bohr,-2.2852425751672545,-2.260697913724544,-2.2315636513276362,-2.7326980737296123,-1.8638745832549473,Q294V,260.0,O1,500.0,IND
delta_bohr,-1.6100159102395304,-1.6069883776391234,-1.5623825139414678,-2.0719639620476746,-1.1542449195836002,Q294V,260.0,O1,1000.0,IND
delta_bohr,-0.7449839055106545,-0.7398073557204075,-0.7471621709002197,-1.1384384128464164,-0.42695561307622953,Q294V,260.0,O1,5000.0,IND
delta_bohr,0.34140469939163515,0.5041670161166529,0.7721164749232008,-1.5184909218392741,1.8889454161078407,Q294V,260.0,O2,0.0,IND
delta_bohr,-0.296695685231505,-0.1746769261345631,0.060886361295736435,-2.059420460463345,1.314627542864733,Q294V,260.0,O2,0.1,IND
delta_bohr,-0.8553796482400593,-0.7908327139049021,-0.7240198969941103,-1.877427402947331,0.19934531363491947,Q294V,260.0,O2,5.0,IND
delta_bohr,-1.501132221420514,-1.4548656765454047,-1.4566004726352113,-2.2255278464587778,-0.8417975825053468,Q294V,260.0,O2,10.0,IND
delta_bohr,-1.9146274331561126,-1.824483737156625,-1.7210252691001422,-3.2110100289981736,-0.8461362290469947,Q294V,260.0,O2,25.0,IND
delta_bohr,-2.2443565548472972,-2.155038402982915,-2.081910064200618,-3.4542332611624587,-1.2158121193526579,Q294V,260.0,O2,50.0,IND
delta_bohr,-2.303732248380402,-2.222103310517459,-2.1481065185830124,-3.5068823049073607,-1.2310618919534315,Q294V,260.0,O2,75.0,IND
delta_bohr,-2.654783087375943,-2.5803926183613033,-2.5610583857700515,-3.745554023571523,-1.6835521114318963,Q294V,260.0,O2,100.0,IND
delta_bohr,-2.4711017027182063,-2.4518520003481132,-2.495442604252517,-3.2543630624393116,-1.7461653703503728,Q294V,260.0,O2,250.0,IND
delta_bohr,-1.9536780895838124,-1.9470339897407716,-1.9400184133614584,-2.698586691323082,-1.3102977756953051,Q294V,260.0,O2,500.0,IND
delta_bohr,-1.3479114414569604,-1.3846891236926688,-1.4523270008031282,-2.251571869276571,-0.38832088511277085,Q294V,260.0,O2,1000.0,IND
delta_bohr,-1.1337833614219195e-05,-0.07238943728851743,-0.1802071870630908,-1.3871966704504717,1.475254712599645,Q294V,260.0,O2,5000.0,IND
delta_bohr,0.48440250846602134,0.46188652799781044,0.37368759861575374,-0.19116004064152986,1.1963369571540858,Q294V,260.0,O3,0.0,IND
delta_bohr,-0.30861050603458356,-0.3131857433464787,-0.3048948924130351,-0.8346711005204366,0.22942812484754957,Q294V,260.0,O3,0.1,IND
delta_bohr,-1.2131312040235476,-1.2010101893772134,-1.2030538389812697,-1.8648168096455464,-0.5689861394078202,Q294V,260.0,O3,5.0,IND
delta_bohr,-1.9843610539410412,-1.8445342829432896,-1.6267527132145971,-3.713410788499937,-0.5676967934797005,Q294V,260.0,O3,10.0,IND
delta_bohr,-2.0292507026661344,-1.9469589388912303,-1.8793512387496771,-3.245251837163659,-0.7146758355759861,Q294V,260.0,O3,25.0,IND
delta_bohr,-2.696962673070771,-2.538746949328714,-2.257931977652932,-4.882590517232397,-0.7831390808117353,Q294V,260.0,O3,50.0,IND
delta_bohr,-3.2112266708090593,-3.0856723140433773,-2.811317353657614,-5.394449387915564,-1.3295118814664595,Q294V,260.0,O3,75.0,IND
delta_bohr,-2.3255800421613513,-2.1089510624888206,-1.875103929704125,-4.702350487263992,-0.5255188710339795,Q294V,260.0,O3,100.0,IND
delta_bohr,-2.536622200952235,-2.3600543564933316,-1.99714921982756,-5.35178787769752,-0.27284472492433576,Q294V,260.0,O3,250.0,IND
delta_bohr,-3.156544714974696,-2.9741815692224414,-2.6086072719444573,-5.660675852201258,-1.1072652442640991,Q294V,260.0,O3,500.0,IND
delta_bohr,-1.9825036215417053,-1.827162497226332,-1.6309418714230426,-4.1156070587820395,-0.26901340468877777,Q294V,260.0,O3,1000.0,IND
delta_bohr,5.616895861485537,5.402720373948395,4.89647103674459,3.8342096411074094,7.900474858418605,Y20I,60.0,O2,0.0,DNA
delta_bohr,4.390817570944461,4.288351030696837,4.1398166180633,3.3563439276391165,5.649084569902138,Y20I,60.0,O2,0.1,DNA
delta_bohr,4.9929800789950525,4.9449246597677785,4.9124947788037305,4.066181612082687,5.982957506367271,Y20I,60.0,O2,5.0,DNA
delta_bohr,4.259709897153018,4.132920964217645,4.014472756329535,3.0338162832707214,5.6753831460416455,Y20I,60.0,O2,10.0,DNA
delta_bohr,4.289884081979243,4.129481549906647,3.9527021939904716,2.4937421599353504,6.353457329333089,Y20I,60.0,O2,25.0,DNA
delta_bohr,3.0487481990014436,2.8811037970645748,2.4646567146860865,0.8276324149154932,5.728588521716291,Y20I,60.0,O2,50.0,DNA
delta_bohr,2.843588096662701,2.691850852373013,2.2850419205304195,0.4438797009087707,5.569653688439329,Y20I,60.0,O2,75.0,DNA
delta_bohr,3.094502430938984,2.917264230152268,2.7632473465813767,0.5213064936752061,6.058789329310846,Y20I,60.0,O2,100.0,DNA
delta_bohr,1.7291566900495514,1.5411612384817124,1.280272238576972,-0.7829355636230777,4.572372190792054,Y20I,60.0,O2,250.0,DNA
delta_bohr,0.9118722705222534,0.7133424993173505,0.3896523538106198,-1.3801484036059593,3.6569008836253927,Y20I,60.0,O2,500.0,DNA
delta_bohr,1.6488537430834904,1.5293866838367423,1.5085923042472933,-1.1682641011614585,4.600823583676853,Y20I,60.0,O2,1000.0,DNA
delta_bohr,1.947194727544668,1.8404546968177784,1.5423101047910115,-0.5662837321449614,4.92238274789246,Y20I,60.0,O2,5000.0,DNA
delta_bohr,4.438231262313785,4.430275709701899,4.4394954990578,4.107019366328782,4.784454521807937,Y20I,124.0,O2,0.0,DNA
delta_bohr,4.421779573447352,4.414731993447786,4.400570565454933,4.111395807953642,4.795767385809041,Y20I,124.0,O2,0.1,DNA
delta_bohr,4.537349694785113,4.425209342957338,4.2362508929053195,3.432389173575378,5.976416949956276,Y20I,124.0,O2,5.0,DNA
delta_bohr,4.208825249461259,4.114956366205072,3.996517101206382,3.1286846128213903,5.3518345262780995,Y20I,124.0,O2,10.0,DNA
delta_bohr,3.8860940969362234,3.71391988844981,3.4785837726873785,2.1204130073716576,5.968081164179179,Y20I,124.0,O2,25.0,DNA
delta_bohr,3.707443883360789,3.5280459321903903,3.278285460292781,1.3696719066767389,6.217685411902322,Y20I,124.0,O2,50.0,DNA
delta_bohr,3.143343458707838,3.006655646236582,2.818952523895969,0.8859691850718392,5.476960959744721,Y20I,124.0,O2,75.0,DNA
delta_bohr,3.02469285509081,2.8461917888995747,2.365596742126149,0.6775946270017894,5.8006849930356195,Y20I,124.0,O2,100.0,DNA
delta_bohr,1.936596219927991,1.7373273197201489,1.4486410818437574,-0.5884785959629255,4.845124903423207,Y20I,124.0,O2,250.0,DNA
delta_bohr,1.5938995339744455,1.4273956828632361,0.9736278170792043,-0.8373907735410584,4.263997592481079,Y20I,124.0,O2,500.0,DNA
delta_bohr,1.6854150785218451,1.5029647360250817,1.286646830196974,-0.6306196026977182,4.675211668210606,Y20I,124.0,O2,1000.0,DNA
delta_bohr,1.408054446279111,1.2470078610300996,1.2010322263932016,-1.0702030097884871,4.468272836306296,Y20I,124.0,O2,5000.0,DNA
delta_bohr,4.021580726181916,4.0205575054859475,4.015323833547463,3.76710848370029,4.301352893911487,Y20I,260.0,O2,0.0,DNA
delta_bohr,3.9894707324225123,3.9933488225398945,3.994479133983996,3.458130021541353,4.506909460955575,Y20I,260.0,O2,0.1,DNA
delta_bohr,3.719915479678258,3.705705101987695,3.6609130964628105,3.0003925754516727,4.450573986122334,Y20I,260.0,O2,5.0,DNA
delta_bohr,3.675463541427873,3.6223121633793225,3.575276492491017,2.8705865252556952,4.551889241121994,Y20I,260.0,O2,10.0,DNA
delta_bohr,3.751043753569263,3.647349579601637,3.5284782413793696,2.696596911544992,5.074615786486117,Y20I,260.0,O2,25.0,DNA
delta_bohr,2.9690388544955497,2.838324998072075,2.7437037334872327,1.5477062345917079,4.838597930460409,Y20I,260.0,O2,50.0,DNA
delta_bohr,3.0616223761213965,2.8506249805701582,2.3681250209996394,0.8868669653262772,5.645998629000463,Y20I,260.0,O2,75.0,DNA
delta_bohr,3.5209958648334756,3.3606227605195595,3.2706273847401537,1.8860814153993806,5.53018431148585,Y20I,260.0,O2,100.0,DNA
delta_bohr,2.7159156814647725,2.575587089018481,2.3947378625278173,0.430388217835177,5.369863089031373,Y20I,260.0,O2,250.0,DNA
delta_bohr,3.055025098426343,2.896660080822203,2.719483797577352,0.5659867739419457,5.8824213002611,Y20I,260.0,O2,500.0,DNA
delta_bohr,1.6076568893244503,1.4524594331613854,1.181197612438952,-0.3607428350597095,3.619572247741765,Y20I,260.0,O2,1000.0,DNA
delta_bohr,2.4604755904079383,2.3293723238511936,2.019770753451564,0.03283851680991834,5.084766699027662,Y20I,260.0,O2,5000.0,DNA
delta_bohr,3.3266313447938827,3.3181807181022265,3.322863471147569,2.88026698558621,3.769498202897312,Y20I,1220.0,O2,0.0,DNA
delta_bohr,3.2991672346496665,3.3584713584469914,3.3479952146783862,2.4714011660271242,4.175733919334141,Y20I,1220.0,O2,0.1,DNA
delta_bohr,3.27679358175951,3.3046820547992484,3.331598427723102,2.4841078117696505,4.058238398381339,Y20I,1220.0,O2,5.0,DNA
delta_bohr,3.3013460262107146,3.3054257340685944,3.2540272459462134,2.5969807072870577,3.930273615010267,Y20I,1220.0,O2,10.0,DNA
delta_bohr,3.1855530158488135,3.170586110579743,3.0828694672934374,2.384209593610941,3.9572270239163263,Y20I,1220.0,O2,25.0,DNA
delta_bohr,2.7149410987099833,2.6451676885820823,2.5710312721536352,1.561870385579561,4.018069290824865,Y20I,1220.0,O2,50.0,DNA
delta_bohr,2.6924050462583526,2.568648206342242,2.36607255421964,1.3095901831950263,4.237829253877454,Y20I,1220.0,O2,75.0,DNA
delta_bohr,3.0358647427173593,2.9689875524878744,2.8960536178939256,2.1101111605715115,4.061632836004503,Y20I,1220.0,O2,100.0,DNA
delta_bohr,3.863433375466595,3.7374267498916223,3.559014384978536,2.0729683065772058,5.9702274790857945,Y20I,1220.0,O2,250.0,DNA
delta_bohr,3.111318095206535,2.983114212209741,2.9074236973676175,1.815245898596872,4.805780806490394,Y20I,1220.0,O2,500.0,DNA
delta_bohr,2.7476094804503255,2.5869911308390368,2.4713187680735964,1.1131426045685568,4.663838307645361,Y20I,1220.0,O2,1000.0,DNA
delta_bohr,1.8304321310710328,1.6907887861137512,1.4866404444593464,0.5184305509534894,3.6215799025466984,Y20I,1220.0,O2,5000.0,DNA
delta_bohr,4.637936456491449,4.632425094579892,4.590348058062337,4.0702166146469025,5.175191437691071,Y20I-F164T,260.0,O2,0.0,DBL
delta_bohr,4.9788108999123315,4.970901542404488,4.902354866745393,4.443886324349522,5.481585371668645,Y20I-F164T,260.0,O2,0.1,DBL
delta_bohr,4.498861243804027,4.440798656576597,4.329999889819649,3.695821670515364,5.357066648865597,Y20I-F164T,260.0,O2,5.0,DBL
delta_bohr,4.554383847835886,4.476552049176055,4.405126370315042,3.632171381821499,5.721689524378717,Y20I-F164T,260.0,O2,10.0,DBL
delta_bohr,4.39527768678841,4.195496581336738,3.707784474395867,2.6520255467386136,6.637579904107145,Y20I-F164T,260.0,O2,25.0,DBL
delta_bohr,3.915172267861266,3.6785715953106934,3.287396377358258,1.656947664388332,6.639398832247504,Y20I-F164T,260.0,O2,50.0,DBL
delta_bohr,3.123283686342101,2.942181411244333,2.712861127029619,0.9856426145649038,5.66828782828219,Y20I-F164T,260.0,O2,75.0,DBL
delta_bohr,3.0534483830560353,2.859680480144144,2.660774603117772,0.8132185140412935,5.584609669127625,Y20I-F164T,260.0,O2,100.0,DBL
delta_bohr,2.2866844882398913,2.0988215065494797,1.5325296210846182,0.0003137780281010638,4.8855474023347005,Y20I-F164T,260.0,O2,250.0,DBL
delta_bohr,1.5419316223918134,1.346296953885371,0.9942394164101374,-0.3492766242082266,3.9495076781052085,Y20I-F164T,260.0,O2,500.0,DBL
delta_bohr,1.290683044731373,1.0778536961188865,0.7908964896900303,-0.877649374424482,3.9261694149484176,Y20I-F164T,260.0,O2,1000.0,DBL
delta_bohr,1.2701013074980065,1.1271539981319996,0.9793559067189539,-0.5103817208783137,3.6275279562051495,Y20I-F164T,260.0,O2,5000.0,DBL
delta_bohr,7.977956732134232,7.767093728200136,7.375032626111173,5.828883147303092,10.709909522471776,Y20I-Q294K,260.0,O2,0.0,DBL
delta_bohr,7.964057971508486,7.773676178326327,7.508765089533981,5.911597518601546,10.381740059101109,Y20I-Q294K,260.0,O2,0.1,DBL
delta_bohr,6.80766259298038,6.606637146581495,6.118846235731299,4.905400589794912,9.211084056268511,Y20I-Q294K,260.0,O2,5.0,DBL
delta_bohr,5.33213903387709,5.153811636256135,4.914247135529511,3.9044949512511247,7.374525731451795,Y20I-Q294K,260.0,O2,10.0,DBL
delta_bohr,4.8558048753460055,4.643364740402677,4.297872028691767,3.059846809625887,7.190403132674998,Y20I-Q294K,260.0,O2,25.0,DBL
delta_bohr,3.425432339348868,3.2102053062586666,2.929476463301502,1.7051953221982141,5.521456483959686,Y20I-Q294K,260.0,O2,50.0,DBL
delta_bohr,3.6740338925468414,3.4690687111072327,3.210612398867629,1.8127741730833777,5.904985174233697,Y20I-Q294K,260.0,O2,75.0,DBL
delta_bohr,2.3348161190228467,2.1570488611953,1.8883812876439896,0.7860746005375145,4.560739491245699,Y20I-Q294K,260.0,O2,100.0,DBL
delta_bohr,1.7132347429609618,1.506684181604949,1.1123930576633494,-0.2944402897115135,4.213186177829316,Y20I-Q294K,260.0,O2,250.0,DBL
delta_bohr,1.3372760456262356,1.173700535816838,0.9702600141131841,-0.37622574415750876,3.2941381981889872,Y20I-Q294K,260.0,O2,500.0,DBL
delta_bohr,0.7780676381864968,0.6147600246515684,0.5199879212471115,-0.7435149705267015,2.4754562740943684,Y20I-Q294K,260.0,O2,1000.0,DBL
delta_bohr,2.0052240101582375,1.8429549140264818,1.602725387159576,-0.11326069608548917,4.765939112877604,Y20I-Q294K,260.0,O2,5000.0,DBL
delta_bohr,4.004827148757574,4.011822404449072,4.024003869981297,3.4867867034851043,4.614140572576901,Y20I-Q294V,260.0,O2,0.0,DBL
delta_bohr,4.4561146032340115,4.45793071303469,4.436770230251671,3.686426602755065,5.249747255753886,Y20I-Q294V,260.0,O2,0.1,DBL
delta_bohr,3.3559917403140576,3.347003349942974,3.304873495731112,2.8234669338655976,3.902857702666381,Y20I-Q294V,260.0,O2,5.0,DBL
delta_bohr,2.8068975207837625,2.802607656325292,2.804126727936341,2.3339450680877754,3.286697167553171,Y20I-Q294V,260.0,O2,10.0,DBL
delta_bohr,2.0772729728618553,2.0342824433820703,2.0142805684230045,1.3614678573025063,2.8640057408290804,Y20I-Q294V,260.0,O2,25.0,DBL
delta_bohr,1.555123490661661,1.5133579580886347,1.4763247223561968,0.8478126973168678,2.3342825533635243,Y20I-Q294V,260.0,O2,50.0,DBL
delta_bohr,1.7315184441254858,1.5814678390404748,1.4567878798677896,0.35354519231609993,3.2887140408918225,Y20I-Q294V,260.0,O2,75.0,DBL
delta_bohr,1.4523249479270726,1.2512669451282474,1.0705083176768586,-0.21308966743718616,3.5478675345205093,Y20I-Q294V,260.0,O2,100.0,DBL
delta_bohr,1.6522870167556092,1.4641220676172697,1.0269492032721972,-0.20638837460479054,4.102827216541263,Y20I-Q294V,260.0,O2,250.0,DBL
delta_bohr,1.2182087831313455,0.9955683586245103,0.7486667192751355,-0.7581084091525208,3.7744599959592793,Y20I-Q294V,260.0,O2,500.0,DBL
delta_bohr,1.280917276904176,1.090525081774008,0.8396445239228743,-0.9009074741297272,3.826479249660923,Y20I-Q294V,260.0,O2,1000.0,DBL
delta_bohr,0.5436946319647447,0.4369156827355357,0.24453448207683715,-0.9880733747498998,2.37916616150428,Y20I-Q294V,260.0,O2,5000.0,DBL
