IPTGuM,class,empirical_F,empirical_F_max,empirical_F_min,fc_mu_max,fc_mu_min,fc_mu_mode,mutant,operator,repressors,sigma_fc_max,sigma_fc_min,sigma_fc_mode
0.0,DBL,0.6540000413951872,1.239813973818148,-0.30380313183903884,0.5571766775773142,0.21099284207696967,0.34208870410769854,Q21A-F164T,O2,260.0,0.3595524384969978,0.0559904418631475,0.2176122338491875
0.1,DBL,-0.003877210301460822,0.9037218042038643,-0.26772629506817963,0.564721392706672,0.2865509388531161,0.5009693013610926,Q21A-F164T,O2,260.0,0.29056443166446855,0.044292998541573425,0.11825299375795328
5.0,DBL,0.2691835762186334,0.4260469632858412,-0.42262847398674824,0.6041120492065103,0.3950706742334762,0.4331075368509256,Q21A-F164T,O2,260.0,0.21725082261816997,0.03221383015213719,0.11840513914240824
10.0,DBL,-0.08391908336522054,0.15085076050826407,-0.755705017330595,0.6804205211106827,0.46235866318643115,0.520967467155868,Q21A-F164T,O2,260.0,0.22582910322257688,0.033672517303185656,0.07076688993493341
25.0,DBL,-1.3344303346146422,-0.6608903566583019,-2.011153652298639,0.8883900332010636,0.6678474813888284,0.7915725198319621,Q21A-F164T,O2,260.0,0.22850476751404014,0.036105213191428676,0.04677141854948619
50.0,DBL,-1.5028107394694308,-0.9350295122125158,-3.3142081146576885,0.9933955010426608,0.7749539880669208,0.8179933138749393,Q21A-F164T,O2,260.0,0.25889821050545814,0.045320110565469474,0.10284305963786355
75.0,DBL,-4.940966092962859,-1.120185124876461,-5.193410471816541,0.9999849960178013,0.8336424482679888,0.9929030371851132,Q21A-F164T,O2,260.0,0.284971489165048,0.04754005354751267,0.15466130200812644
100.0,DBL,-4.359710431716309,-2.3895557840536035,-6.165599315043516,0.999971439363968,0.9422110972790269,0.9873792313791021,Q21A-F164T,O2,260.0,0.09717642836022133,0.016506626056590368,0.05371309757845555
250.0,DBL,-2.5922342284867064,-1.90473822041192,-6.500246311694204,0.9999960362280059,0.9125480479792083,0.9303601124348667,Q21A-F164T,O2,260.0,0.1764358893976976,0.02719095610753819,0.16661268493681014
500.0,DBL,-2.0464231300494014,-2.072136427723572,-6.862444845188505,0.999999717728264,0.9260699697721474,0.8855856966729356,Q21A-F164T,O2,260.0,0.15385140353436533,0.023364403364214525,0.09819191144174311
1000.0,DBL,-3.827217356590133,-2.236402490634909,-6.911507646749927,0.9999907805716342,0.9363314876135521,0.9786937299631281,Q21A-F164T,O2,260.0,0.12910622987596265,0.019540373371039088,0.0686275476393442
5000.0,DBL,-2.9378664066500644,-1.3713658780354088,-6.07880389190136,0.9999610338924496,0.8692071074978363,0.9496868778244852,Q21A-F164T,O2,260.0,0.2630485280674728,0.04120609435895051,0.17846647291830442
0.0,DBL,-1.4856280499358612,-0.38784254512038313,-3.292455996254471,0.992497290878868,0.6652870086147874,0.8154211598063641,Q21A-Q294K,O2,260.0,0.43743719739548514,0.12731708700297995,0.20417406628743529
0.1,DBL,-1.4936977688853956,-0.771495434986406,-3.603811396377296,0.9965180127650268,0.7442028662145811,0.8166326388807755,Q21A-Q294K,O2,260.0,0.3401690551617772,0.10431608899422495,0.1771775189093776
5.0,DBL,-1.5221882169477627,-1.1524714201128183,-1.9519678213821916,0.8789069223065668,0.7640373371342188,0.8208604806779184,Q21A-Q294K,O2,260.0,0.12720472526407267,0.03729185897302112,0.06678426162158291
10.0,DBL,-1.558864285044205,-1.2953504332433377,-1.9345201220959496,0.8776319662804456,0.7895523352207392,0.826190324871551,Q21A-Q294K,O2,260.0,0.098361184881391,0.029729755522697854,0.04859755493527029
25.0,DBL,-1.6836790071661438,-1.3917489789662087,-2.1422805697271627,0.8984235272027713,0.8054169921837491,0.8433910779516438,Q21A-Q294K,O2,260.0,0.10696767363198201,0.032009413545508014,0.04697744631538059
50.0,DBL,-1.8897557757106391,-1.3378679475316455,-2.302976785499791,0.9121571061249603,0.7975994371790524,0.8687276817567309,Q21A-Q294K,O2,260.0,0.13195727109596378,0.03820317079760527,0.0682409834568195
75.0,DBL,-1.480553191581638,-1.4330728818173706,-2.591484226647938,0.9364584284962506,0.8177114036355326,0.8146561224868942,Q21A-Q294K,O2,260.0,0.1359206200336457,0.039610339832425234,0.07907685181861501
100.0,DBL,-2.3473148207711967,-1.4593807314803315,-2.7120377004846876,0.9446344948237508,0.8237274273320213,0.9127205584310467,Q21A-Q294K,O2,260.0,0.13968987343447425,0.04062386911330074,0.09764649110134449
250.0,DBL,-1.7812315336658477,-1.1788273854203604,-4.2134230400801735,0.9997737324762892,0.8230119370341081,0.8558488687613609,Q21A-Q294K,O2,260.0,0.25882381824982326,0.07719132884613977,0.17187946596858095
500.0,DBL,-2.7063968721668608,-1.8658801092761461,-5.142625868412353,0.9999320329577853,0.9065558760750096,0.9374030551565273,Q21A-Q294K,O2,260.0,0.14799697688254598,0.04673234209343591,0.06651362062907451
1000.0,DBL,-2.734130762744705,-1.1734348192586013,-5.562063262345878,0.9999751656900052,0.8388718291699808,0.9390108332920831,Q21A-Q294K,O2,260.0,0.35593597649442155,0.10092140765524737,0.19996417435561642
5000.0,DBL,-1.8285595432003021,-1.5169318259940356,-5.668145592948832,0.9999858394164933,0.8761848825291582,0.8615900379996118,Q21A-Q294K,O2,260.0,0.23693456633017929,0.07214198996260468,0.285884753895596
0.0,DBL,0.9579952526148185,1.4766027177501702,-0.023658532006141427,0.47409149897928937,0.16448460244511387,0.27727975818729667,Q21A-Q294V,O2,260.0,0.3263736850936375,0.052691601077936134,0.09506662463834126
0.1,DBL,0.6272582387915973,0.9428928747308908,0.0006400400483891068,0.4998399899933651,0.28031636591636955,0.34813248347651804,Q21A-Q294V,O2,260.0,0.2361396374709619,0.034668522543813585,0.05777286043126395
5.0,DBL,0.47010518707804955,0.9213030548137624,0.2577192821032102,0.4256936971028281,0.2755329262405932,0.3845913475403161,Q21A-Q294V,O2,260.0,0.15391310862826513,0.023224952862719084,0.08445602025635679
10.0,DBL,0.5624787002479079,0.790419404111247,0.27179353053116245,0.43195035786993563,0.3115898137405755,0.3629741305172265,Q21A-Q294V,O2,260.0,0.12223735764086086,0.018424626128861976,0.03804266006661339
25.0,DBL,0.4397466438256457,0.8735185863228302,-0.24206532349318016,0.5510934201938888,0.2867321871937193,0.39180134061376504,Q21A-Q294V,O2,260.0,0.27378452646571894,0.03896741880162213,0.11088534177215104
50.0,DBL,-0.4115422461303935,0.5392050355229924,-0.5922815147748728,0.6459521223090826,0.3704385925427286,0.6014576228218012,Q21A-Q294V,O2,260.0,0.28618249388549866,0.04258715289023507,0.11563615196489097
75.0,DBL,-0.3989766757858017,0.30854949083766225,-0.9966254413637128,0.7402243968781177,0.4345625985551186,0.5984417706628254,Q21A-Q294V,O2,260.0,0.3277560976159587,0.0512667324697349,0.08681224583690383
100.0,DBL,-0.40180348797878723,0.10066170972600504,-1.6425199531131462,0.8391210579245681,0.47668605425663546,0.5991208902545745,Q21A-Q294V,O2,260.0,0.3830019200522027,0.06526003335089359,0.08826974823503397
250.0,DBL,-2.0061385347309164,-0.7424868408381887,-3.5496674221539766,0.9999333156219884,0.7685012392068442,0.8814400796895888,Q21A-Q294V,O2,260.0,0.2879486116264788,0.047267647943231905,0.10718216924869162
500.0,DBL,-2.337991595362456,-1.6655196080034718,-3.0430395715598504,0.9613339941136404,0.8503768681993843,0.9119749906064868,Q21A-Q294V,O2,260.0,0.11743114982041913,0.019357283202747877,0.07938071799549073
1000.0,DBL,-2.3882130644431214,-1.1021437680447994,-5.583002898004118,0.9999937562632312,0.8518658440676163,0.9159240634802069,Q21A-Q294V,O2,260.0,0.26808355975511056,0.04235373151518651,0.12849845005038807
5000.0,DBL,-2.196234002046798,-1.0758337087720453,-3.1826253561756825,0.981863771004395,0.8007785964298939,0.899910812892627,Q21A-Q294V,O2,260.0,0.20440404110878796,0.03306880438670978,0.07066914308913119
0.0,DBL,5.137162526320388,6.0256599449744055,1.2750821085905188,0.14791656656102292,4.2223738416780066e-07,0.005840028079330262,Q21M-F164T,O2,260.0,0.3212911867918784,0.06575527258591729,0.10792587034368983
0.1,DBL,3.2333144686472925,6.958526860798718,2.747253796008599,0.037279634977716025,4.04922679275721e-07,0.03793110894077212,Q21M-F164T,O2,260.0,0.06982725281378566,0.015346032351822303,0.041117776553219465
5.0,DBL,3.368911972954267,6.584888656871681,2.828236927307001,0.04044051520508685,2.1804234269673373e-05,0.033281296872709754,Q21M-F164T,O2,260.0,0.06780777233662783,0.015495263370227774,0.04335492530637075
10.0,DBL,3.6837397485514094,5.7483905003030955,2.6834168889102887,0.04523689720661961,1.9926097789113584e-05,0.02451284447258517,Q21M-F164T,O2,260.0,0.06531766922711413,0.014393295792004546,0.043892406079768964
25.0,DBL,2.0585789367981917,2.9754664788953797,1.7379607864495779,0.1389977850900571,0.04332333233665553,0.11318839343315701,Q21M-F164T,O2,260.0,0.10339845648252632,0.0214997467303224,0.05481381750651393
50.0,DBL,1.5392030280292321,2.1203196270446925,0.951081425104081,0.2642716556538477,0.09800265296546462,0.17665116091842958,Q21M-F164T,O2,260.0,0.16998267969707848,0.03576816411385331,0.07393094142090706
75.0,DBL,1.0697349833231211,1.5720439351154156,0.40206982500575245,0.38397633422409283,0.16021879095151015,0.25545348628331255,Q21M-F164T,O2,260.0,0.23482812665667185,0.04841362188082676,0.06986145697470525
100.0,DBL,0.7918357652260708,1.3417120514351264,0.11651877574863874,0.463112743329657,0.200957393549279,0.31177463100604663,Q21M-F164T,O2,260.0,0.2820166312289777,0.06139427573099743,0.1065434140373408
250.0,DBL,0.3144256455681908,0.41695047020729076,-0.5756794446160768,0.6400726418466082,0.3972467056208354,0.42203485819677466,Q21M-F164T,O2,260.0,0.261092978775065,0.05661346297208503,0.07760850039976686
500.0,DBL,-0.9404538103554894,-0.4776710975664226,-1.6434575953621922,0.8403350003954001,0.6205352198602073,0.7191913158783452,Q21M-F164T,O2,260.0,0.23172155799198102,0.04554214172934756,0.09271997249950892
1000.0,DBL,-0.7745818917342189,-0.4854128318749412,-1.514732534756567,0.8197615095027478,0.6190252189614579,0.6845112144635995,Q21M-F164T,O2,260.0,0.21120055769588353,0.04143547046245988,0.06260260716180344
5000.0,DBL,-1.2460617329603974,-0.47361254082367743,-1.779349887036042,0.8683481017451153,0.6366066747361517,0.7766173838593368,Q21M-F164T,O2,260.0,0.25001049662281616,0.05256370803219268,0.09083582181154959
0.0,DBL,2.244332470797085,4.308619333587811,1.0315537744671244,0.19456395866068954,3.722375760595309e-05,0.09583945673860084,Q21M-Q294K,O2,260.0,0.27680314310523535,0.06002230535531916,0.1976584393107218
0.1,DBL,2.484205289226556,2.5809272213153127,2.229885614730929,0.09635357709571202,0.06967431279198077,0.07697289245269556,Q21M-Q294K,O2,260.0,0.027840530934972407,0.005873309188539233,0.012515773826473398
5.0,DBL,2.5589560730292047,2.7521757356671954,2.125263216617731,0.1050514826550254,0.05843365119953137,0.07182710765943079,Q21M-Q294K,O2,260.0,0.049960868920891466,0.01077051614673974,0.026780638120152633
10.0,DBL,2.874627750567528,2.775330666676096,1.9933402528264268,0.11446409955083459,0.054699126754209404,0.053422150663722134,Q21M-Q294K,O2,260.0,0.06269194972178138,0.013226461073646889,0.0550507432735069
25.0,DBL,2.189666964143475,2.3508824300480775,2.0254402210881732,0.11520425150505265,0.08573420830940981,0.10068224439570617,Q21M-Q294K,O2,260.0,0.03195693547853362,0.006655235987160779,0.012379202232979836
50.0,DBL,1.9935857240804085,2.202428385055762,1.6942940880506,0.15376289457606085,0.09821268402052152,0.11987802650206336,Q21M-Q294K,O2,260.0,0.05861179118441917,0.01215043983278885,0.02048438132430208
75.0,DBL,2.052158914040236,2.1464503768696925,1.8754290742381763,0.13181244421612737,0.10365227314900882,0.11383441672784611,Q21M-Q294K,O2,260.0,0.029658289385069536,0.006277193080795662,0.015919125872120632
100.0,DBL,1.9112043582470184,2.186259916956277,1.6801823877459843,0.15552512310978472,0.09970821126016616,0.1288456092178636,Q21M-Q294K,O2,260.0,0.05759574825377756,0.011681738332106284,0.025662153126447373
250.0,DBL,1.5730887004772107,1.8106440396844432,1.3203333017021412,0.2086135551011492,0.13885271310011027,0.17177651874939404,Q21M-Q294K,O2,260.0,0.07307969522851143,0.014671363903683954,0.02524966575023102
500.0,DBL,0.9437164804864225,1.2754881909746922,0.7298991854170522,0.3252168508738362,0.2183192119544679,0.28015024249828946,Q21M-Q294K,O2,260.0,0.11383669551173603,0.023890496344477485,0.04058408819582726
1000.0,DBL,0.38989538960460707,0.9208938983740487,0.14889731474580958,0.4608013445887449,0.2830587292021035,0.40374248377985067,Q21M-Q294K,O2,260.0,0.18620677757135728,0.03990585632792054,0.1064686679238257
5000.0,DBL,-0.40052195657374784,-0.08392431132615401,-1.1471750694458722,0.7594253030416351,0.5215482210091482,0.5988130593258605,Q21M-Q294K,O2,260.0,0.2608046117547461,0.05236934376985414,0.08742978816721092
0.0,DBL,2.419072766366249,6.161588494640843,1.3126426754367517,0.14431664070458805,6.082090708847687e-07,0.08172981741272434,Q21M-Q294V,O2,260.0,0.29777726342044,0.06498009402262528,0.0930961068840378
0.1,DBL,4.358760672283719,5.50951481818527,2.837329934229305,0.04302284629084663,0.0002490673993589265,0.01263260951382672,Q21M-Q294V,O2,260.0,0.05603864190187147,0.011947039302070195,0.02121887390002042
5.0,DBL,5.193941084249372,6.811385275973995,2.94763767431622,0.03237063178636701,5.108027959610517e-06,0.0055194567988984256,Q21M-Q294V,O2,260.0,0.057611156608153524,0.012851385432597895,0.046038953149303286
10.0,DBL,4.091694164264121,6.462787936436318,3.1110091758679035,0.027850711592267485,1.5907249304447646e-06,0.016436234311897557,Q21M-Q294V,O2,260.0,0.04277916906620782,0.00921042498420499,0.017528994241026385
25.0,DBL,3.2953546194010626,4.831245281744308,2.907233702155242,0.04114434150745794,0.0033310595366616846,0.03573089741583768,Q21M-Q294V,O2,260.0,0.04396658496017891,0.009939048716193999,0.030709974171204912
50.0,DBL,3.2792500438322834,4.229379529990299,2.6005739554750544,0.06140946995081875,0.010784510152629823,0.03628993545449799,Q21M-Q294V,O2,260.0,0.05453451514083152,0.01137202591353137,0.029533584278141567
75.0,DBL,3.577011015931185,5.10242732245727,2.7218932386940207,0.04886909830928543,0.0017171759665703945,0.027198690834267514,Q21M-Q294V,O2,260.0,0.05952383297601482,0.013161905261951934,0.022928820351634682
100.0,DBL,3.255511196835802,4.219081730432124,2.3353418110248056,0.07718309653340749,0.009788773198286749,0.037129354437770434,Q21M-Q294V,O2,260.0,0.07696441902005668,0.016925095147169444,0.034824050457187505
250.0,DBL,1.9520620833303046,2.5298002355987657,1.5153955727731647,0.17294989807907346,0.06901471965942008,0.12432868301764233,Q21M-Q294V,O2,260.0,0.10996677227711826,0.02293760852432214,0.033991239583867516
500.0,DBL,1.1513655724007523,1.4731205301424737,0.9067336370405282,0.28542302753845117,0.18442894281234012,0.24023974407464466,Q21M-Q294V,O2,260.0,0.10540118275893673,0.021015732456300618,0.06633877843738545
1000.0,DBL,0.25639779813852087,1.012449885780939,-0.2941173175054208,0.5635259791345201,0.25721377363183306,0.436249414466397,Q21M-Q294V,O2,260.0,0.3325003953130543,0.0695999154557374,0.12086960093992094
5000.0,DBL,-0.771894644706948,0.045254155765771874,-0.9896877852815488,0.7336849788716522,0.4934051978245043,0.6839306008533069,Q21M-Q294V,O2,260.0,0.2529282722482572,0.053200077855306005,0.12709538502461593
0.0,DBL,-0.42880813578208204,0.4587407184022514,-1.5343990911247785,0.822649042258977,0.38728460294039213,0.6055890263773573,Y20I-F164T,O2,260.0,0.44770653204850097,0.07405923757219024,0.12190838498743817
0.1,DBL,0.09100046390281816,0.05150080254963693,-1.5606500182244671,0.8444904536880283,0.5100028011239223,0.4772655706701129,Y20I-F164T,O2,260.0,0.3499266753546789,0.05585479851570585,0.2551006625199689
5.0,DBL,-1.2291608040468345,-0.21301251603020668,-2.5110401577105548,0.9584179696357579,0.621337601538992,0.7736716616001477,Y20I-F164T,O2,260.0,0.38062256694876495,0.05842574761072428,0.11140808759451837
10.0,DBL,-1.8080169917752231,-0.9744168741382945,-3.4223610397419604,0.9811847034080944,0.7607351787888043,0.8591220389566568,Y20I-F164T,O2,260.0,0.26756381843305366,0.04452205057951153,0.1144270684657831
25.0,DBL,-3.546455633012439,-0.6758965907941691,-5.442151044357572,0.9999950339079017,0.7787171319886257,0.9719810606647925,Y20I-F164T,O2,260.0,0.4231941100936688,0.07054507040086333,0.11193891103029618
50.0,DBL,-2.6605991049133695,-0.5781241092125697,-5.863021100054353,0.9999954427476784,0.7749413196721856,0.9346612631925716,Y20I-F164T,O2,260.0,0.5299371119685998,0.08076147978297199,0.16513666690251694
75.0,DBL,-1.8379188425961321,-0.07873009325556103,-5.598952906846042,0.9999929598425767,0.6462710075760998,0.8627023866396727,Y20I-F164T,O2,260.0,0.7742765543974727,0.14547303674507694,0.5405894474030191
100.0,DBL,-2.137357681535789,-0.9410638391257671,-6.368258168715238,0.9999978093582654,0.8233577806799447,0.8944814767568613,Y20I-F164T,O2,260.0,0.4194421690862219,0.0608710672986954,0.26881881221598636
250.0,DBL,-3.5033573721278515,-1.319266030013048,-6.661491522968196,0.9999938778102485,0.8773815231710532,0.9707831458272534,Y20I-F164T,O2,260.0,0.2967866556686901,0.0414854924795619,0.08038724571992473
500.0,DBL,-3.125805486572924,-1.0557090011630463,-6.186059957865969,0.9999991963304111,0.8372498748746847,0.9579447343886185,Y20I-F164T,O2,260.0,0.358841983763432,0.05119494452886808,0.10689187970002934
1000.0,DBL,-4.0855123626554475,-0.1125291633904558,-5.578088477571118,0.9999955276970258,0.6670967816567847,0.9834635308485226,Y20I-F164T,O2,260.0,0.7587369137911988,0.1358079807091943,0.2052185570635845
5000.0,DBL,-3.9274918017410405,-1.061403860551794,-5.476657620926352,0.9999993105376281,0.8236231518074216,0.9806873200751784,Y20I-F164T,O2,260.0,0.3298742691061666,0.05282932596793388,0.07578285925908856
0.0,DBL,-1.1434827710941642,-0.4774596426501906,-5.998479647734898,0.9999983710572662,0.7532167653639957,0.7583185059785688,Y20I-Q294K,O2,260.0,0.577154935756743,0.08557784883100894,0.517294106631596
0.1,DBL,-1.6496645257918026,-0.6313859250279128,-5.976342247227211,0.9999901392015874,0.7758412876027069,0.8388457049712185,Y20I-Q294K,O2,260.0,0.507063620100991,0.07141895225515482,0.16184081247255577
5.0,DBL,-4.695024447708041,-1.2433210895389273,-5.967109666616911,0.9999968947675408,0.8580113380033935,0.9909421506777654,Y20I-Q294K,O2,260.0,0.2808505109784598,0.04291845528843041,0.22142885739581963
10.0,DBL,-2.551554813714117,-1.106929097271005,-4.776841438435721,0.9999264524275152,0.8253661477577247,0.9276778989914769,Y20I-Q294K,O2,260.0,0.27578265188014406,0.04551964439724687,0.08126273721968325
25.0,DBL,-3.2256885702316924,-1.5272272534586862,-5.95877237159007,0.9999936308430335,0.8840820869215515,0.9617896214759231,Y20I-Q294K,O2,260.0,0.21612232512306206,0.03445541064387203,0.14008846106129014
50.0,DBL,-2.358570337846985,-1.057036088959113,-5.408143963841383,0.9999997360496855,0.8283157726419695,0.9136130371852309,Y20I-Q294K,O2,260.0,0.31549064095032464,0.05018813841380221,0.12339448957823085
75.0,DBL,-5.434903066438145,-1.9295143191587727,-6.336309024495952,0.999999149287684,0.9168627972280943,0.9956572836509139,Y20I-Q294K,O2,260.0,0.16202432535939348,0.02591880829929638,0.07065999922119026
100.0,DBL,-2.3056762728145865,-1.119087123444144,-5.2805212585583785,0.9999916603693376,0.833313928488518,0.9093460556428123,Y20I-Q294K,O2,260.0,0.2877165525654677,0.047915235930889755,0.067460585632942
250.0,DBL,-5.278639153137702,-0.9602716943903444,-5.963244251829652,0.9999941417188953,0.8165684160416203,0.9949265060713978,Y20I-Q294K,O2,260.0,0.39167117407994256,0.06378694322515432,0.23825331992753085
500.0,DBL,-4.725033626256716,-1.7115003679453327,-5.525535696256032,0.9999928989562958,0.8995364698169765,0.9912075768219095,Y20I-Q294K,O2,260.0,0.16750155192187255,0.027249978333976466,0.04148633409912428
1000.0,DBL,-3.774944991636153,-1.451483253890791,-4.6445646657296376,0.9998061823626021,0.8658870263616802,0.9775760168201213,Y20I-Q294K,O2,260.0,0.1950554667254274,0.032220112174332294,0.17381445932777317
5000.0,DBL,-4.275040808626741,-1.7237092619448995,-6.722591569774144,0.9999840850337404,0.8944564875189716,0.9862793929651408,Y20I-Q294K,O2,260.0,0.2248951780031908,0.03300553096107184,0.0778060221294895
0.0,DBL,0.1117655084792227,1.0569183809572242,-0.8224961951814885,0.6947659560008898,0.2578987963904589,0.4720876724699712,Y20I-Q294V,O2,260.0,0.4510053063118561,0.07482072229438519,0.1955122655584306
0.1,DBL,-0.3961747407905515,1.5338232145802457,-1.9410194839754522,0.8963528153709827,0.20424509023779935,0.5977682545222264,Y20I-Q294V,O2,260.0,0.722732041011386,0.14630646929000612,0.2022132990936698
5.0,DBL,-0.3968216709326114,0.5883121700441754,-1.0492323326480468,0.7522722866324743,0.36870201459348173,0.5979237934477054,Y20I-Q294V,O2,260.0,0.40020702786308426,0.06744356176705724,0.19983521308156726
10.0,DBL,-0.14806020345418502,0.4668341898512493,-1.0896705656901835,0.7569363592158771,0.39576376964110316,0.5369475789849579,Y20I-Q294V,O2,260.0,0.36194709667089253,0.0562586100277398,0.12647346528149617
25.0,DBL,-0.5529720473676116,0.2586308479910602,-2.1131617572326244,0.9262977265344199,0.49061442514445974,0.6348248534292371,Y20I-Q294V,O2,260.0,0.4790699938905213,0.08515226449831392,0.12619251645009977
50.0,DBL,-1.7298339030403753,-0.2992241921788989,-2.8198171103145233,0.9726247065200025,0.6337961047780224,0.8493911733994615,Y20I-Q294V,O2,260.0,0.38527441516343075,0.060564409352316995,0.15982682632452194
75.0,DBL,-0.696426262755287,0.097182922781364,-4.145924933452993,0.9999956558134633,0.6122102210948555,0.6673949529279786,Y20I-Q294V,O2,260.0,0.614637045831983,0.10798673189993291,0.23842990007325782
100.0,DBL,-2.933689672872125,0.16692174342913338,-4.5916862480896885,0.9999479174106176,0.5824603243216084,0.9494869310805993,Y20I-Q294V,O2,260.0,0.6913723789025328,0.1373488845469678,0.37879098510237186
250.0,DBL,-1.9932280527131743,-1.0718651555638823,-5.837284344165613,0.9999851355962636,0.8287177102489697,0.8800842314320014,Y20I-Q294V,O2,260.0,0.34987161034192304,0.05283140456887003,0.20441266080726594
500.0,DBL,-1.9322472360360914,-0.7515643169278495,-5.591390554646416,0.9999804434200882,0.7845102094470148,0.8734979463441273,Y20I-Q294V,O2,260.0,0.4293621638524173,0.06954135368596437,0.1592178068760257
1000.0,DBL,-1.670075248730438,-0.30070247471649636,-5.673657235487595,0.9999856345848476,0.6991956912324621,0.8415858535062807,Y20I-Q294V,O2,260.0,0.6652442708690647,0.11128164488208647,0.2521803153482415
5000.0,DBL,-2.812377733504556,-0.9251375985030704,-4.493507631587084,0.9998714108484401,0.7936357963344476,0.9433410400582997,Y20I-Q294V,O2,260.0,0.3124469077821932,0.052179771073719294,0.06998623463665965
0.0,DNA,-1.4029109184460486,-0.8959049337040366,-2.056112990227064,0.8962674645384825,0.7211529262305536,0.8026454010664549,Q21A,O2,60.0,0.1810993583086038,0.03718318659040143,0.0575118198855451
0.1,DNA,-1.3857567153404244,-1.0236476563880226,-1.885257575738622,0.8698855814969618,0.7376909863228536,0.7999139628000967,Q21A,O2,60.0,0.14181377195842082,0.029733083801562366,0.058296144229749824
5.0,DNA,-1.7177088019372615,-1.1359263708535612,-3.566784981548927,0.9959757006660527,0.8130961509407459,0.8478334801114171,Q21A,O2,60.0,0.22169458690006416,0.04772604300866656,0.168406663471109
10.0,DNA,-2.0359130465793243,-1.240270542882024,-3.182727452377498,0.976274771484489,0.8102567454566959,0.8845164531308641,Q21A,O2,60.0,0.18496060481050536,0.038099856146196376,0.06560101396096829
25.0,DNA,-3.273357414722452,-1.6747404320692696,-3.5119503235607774,0.9802098734345547,0.8630082450409564,0.9635034177102143,Q21A,O2,60.0,0.1320756380643775,0.027957827442949612,0.10837759178829764
50.0,DNA,-3.526946403493817,-2.2525249252214223,-4.272554951713336,0.9931884499989497,0.9226600374617246,0.9714448280660554,Q21A,O2,60.0,0.08005123873289532,0.017460859089571734,0.037380390853008705
75.0,DNA,-3.962822746628042,-2.375884742666317,-6.259085716701289,0.9999964155761563,0.9432983384404652,0.9813452356754958,Q21A,O2,60.0,0.09820128614999668,0.0210789931847577,0.06620596428374903
100.0,DNA,-3.7469935324687014,-2.532563349724374,-6.292813632981544,0.999993900577697,0.9518948350388374,0.9769550397826301,Q21A,O2,60.0,0.08053363995875484,0.01718854852299012,0.030749633809436072
250.0,DNA,-4.257677102018841,-2.04094540056403,-6.088219993019278,0.9999945967797524,0.9242064258381157,0.9860424262744532,Q21A,O2,60.0,0.13403578174326558,0.028846781054369997,0.06801025219216128
500.0,DNA,-4.412476383201355,-2.505055125835215,-6.648171390064025,0.999996184189237,0.9459810884888653,0.9880201424562932,Q21A,O2,60.0,0.10258867414153938,0.022153095612782003,0.03150168258355457
1000.0,DNA,-3.627809157039192,-1.7337694183993253,-5.544339870109258,0.9999864045116443,0.8900450554782973,0.974113573826056,Q21A,O2,60.0,0.18254043705731826,0.03980458985674884,0.08435725810512917
5000.0,DNA,-1.7308245153971407,-1.179702701646033,-5.776119614799002,0.9999998736486975,0.8310388931791968,0.849517854429482,Q21A,O2,60.0,0.33784151765011317,0.07399295304553588,0.14934282962790935
0.0,DNA,-0.553802364352257,-0.22899200754409207,-0.8044228578036734,0.6909197774907113,0.5569991456644536,0.6350173178312785,Q21A,O2,124.0,0.1451816300730332,0.02899005394429477,0.11310607213534973
0.1,DNA,-0.5392850751500012,-0.21064112664094575,-0.7833765093174806,0.6910859684353382,0.5577260502731682,0.6316460923282856,Q21A,O2,124.0,0.13887861291285108,0.026869053944983512,0.09693389785602391
5.0,DNA,-0.7823308126501705,-0.595539847781464,-1.22017507027717,0.7775317472717265,0.651573030094317,0.6861822398888079,Q21A,O2,124.0,0.13196159974292487,0.026157609512933,0.0853103213348585
10.0,DNA,-1.2716886795551028,-0.7914023914488033,-1.7991986790539893,0.8631785539713376,0.6949484854478913,0.7810316849555359,Q21A,O2,124.0,0.17747888645860987,0.03486990662570322,0.06552278462440819
25.0,DNA,-1.9896951514264156,-0.8572032302942391,-3.015399060591757,0.9692772237131458,0.7444199887368229,0.8797108822980827,Q21A,O2,124.0,0.259768048239742,0.05481229251653941,0.09597938039753362
50.0,DNA,-2.594155195202231,-1.615007575597202,-4.132369775094311,0.9985639662886971,0.877541428708033,0.9304844693568586,Q21A,O2,124.0,0.1532252229480605,0.0334620115718921,0.044254982846570035
75.0,DNA,-3.0706434087271033,-1.859274497703447,-5.495713041756079,0.9999847460460037,0.9004596307301312,0.9556654409926268,Q21A,O2,124.0,0.1633073007478082,0.0363863405698831,0.09348640006853226
100.0,DNA,-3.576348350791534,-2.1591286442571533,-6.410198365517636,0.9999928965970536,0.9327671479610037,0.972783770266004,Q21A,O2,124.0,0.1291979386284534,0.027638050767121447,0.05015895684426053
250.0,DNA,-5.151899466235834,-2.2877138233534415,-7.306902049080774,0.9999994756680757,0.9512929961263282,0.9942449133314702,Q21A,O2,124.0,0.11889290905477046,0.022242592219492652,0.06023275230677172
500.0,DNA,-3.536807070404874,-2.3194462104496223,-6.613579538201562,0.9999967275253242,0.9401495127760785,0.9717170928387602,Q21A,O2,124.0,0.11796974316796816,0.02443507671293632,0.025429308848187615
1000.0,DNA,-3.2957266562795575,-1.7857518696434178,-5.684285996610243,0.9999847340086736,0.906350791022637,0.9642819186035272,Q21A,O2,124.0,0.15923268747879582,0.03486109217056643,0.05928015648410889
5000.0,DNA,-3.7746113611979233,-1.947232860562834,-6.432359566680541,0.9999854975341661,0.9170744712210784,0.9775687020924386,Q21A,O2,124.0,0.16794424562245558,0.03429601169058516,0.0697187423579616
0.0,DNA,0.7904619646965112,1.0930140216094013,0.5573128114883491,0.3608113864255771,0.24824560824070863,0.3120694852468626,Q21A,O2,260.0,0.11794074469846594,0.023841868008933287,0.04969576845417434
0.1,DNA,0.9140912832706662,1.0323057613495965,0.6180286659611433,0.3502299332402833,0.2626373284934609,0.286163364250576,Q21A,O2,260.0,0.09317628190053961,0.019397807904364628,0.05619889887432539
5.0,DNA,0.21231933436535724,0.36166648922508354,0.10740729896172903,0.4731739598019261,0.41055621583752344,0.4471186726292865,Q21A,O2,260.0,0.06657353644835273,0.013173995499394464,0.03526158047281602
10.0,DNA,-0.13020954082742148,0.22675677909396347,-0.41207290746669534,0.6015848188630478,0.44355246945801186,0.5325064705336584,Q21A,O2,260.0,0.16878585311484162,0.03381379493303038,0.07266869439852164
25.0,DNA,-1.3523634278936747,-1.1408732717197718,-1.6408186852013156,0.8385919909400785,0.7588818552345576,0.7945157511408961,Q21A,O2,260.0,0.08427074504555399,0.016739286832797018,0.043324408496538847
50.0,DNA,-1.9896550726025286,-1.4633351916647404,-2.5946870014206316,0.937690734878973,0.8238938370200745,0.8797066411065889,Q21A,O2,260.0,0.12073655145846163,0.026009723928514306,0.03514634904677405
75.0,DNA,-2.489003571353069,-1.926687028510802,-3.923631766689185,0.9898005454622143,0.8948776835526371,0.923367324986592,Q21A,O2,260.0,0.10363330668978132,0.022764835400872818,0.046356006973372166
100.0,DNA,-3.2211759744621964,-1.9524777791416954,-4.154076878973805,0.9936289469163522,0.9006561414421216,0.9616234359953959,Q21A,O2,260.0,0.11132001211498699,0.025027539803095022,0.058135835474650954
250.0,DNA,-4.976833112656638,-2.089483705364496,-6.670632013925985,0.999992182566067,0.929323294698103,0.9931513608546707,Q21A,O2,260.0,0.15093735306335998,0.03191088275303955,0.06708837739912532
500.0,DNA,-3.4144826717746373,-2.139354546776884,-5.710644560561255,0.9999972516839761,0.9281138712684751,0.9681541014882713,Q21A,O2,260.0,0.11602968879320807,0.025653716627800693,0.051861030770079086
1000.0,DNA,-3.159291042147443,-1.6167536873207276,-5.246117822765134,0.9999917453995507,0.8794306942308839,0.9592732578269471,Q21A,O2,260.0,0.19351069041319868,0.04210456804426288,0.07040230819872673
5000.0,DNA,-3.151638883894003,-1.5438232144571935,-5.390758783500497,0.9999926207485399,0.8720097036890417,0.9589732498434793,Q21A,O2,260.0,0.21357237550296282,0.04659812973290456,0.07360386604497038
0.0,DNA,2.018015699775153,2.61222637447041,1.507731180854492,0.17043072804126047,0.060696620486300534,0.11732432768869594,Q21A,O2,1220.0,0.11439719824932515,0.02235421515449154,0.05783961696787798
0.1,DNA,2.129231328905751,2.2783561679703315,1.8222589739947994,0.13823267550277052,0.09206370664127672,0.1062879863016698,Q21A,O2,1220.0,0.04843302910762126,0.009750323266919159,0.01524222174073786
5.0,DNA,1.5841509203823656,1.719519736202223,1.3831032136405275,0.20026120220154275,0.1517107681086125,0.17020841354764715,Q21A,O2,1220.0,0.051444579277588165,0.010382893130773008,0.026152075955901632
10.0,DNA,0.9312226765934204,1.3114720464500116,0.8236644462847954,0.3032439063473018,0.21081935434153798,0.28267672578362046,Q21A,O2,1220.0,0.0970553529787277,0.018707379131700175,0.12860570099252078
25.0,DNA,0.04725530790535873,0.14839321461492128,-0.27878013425293124,0.5692471322624177,0.46296962384574813,0.4881883709522836,Q21A,O2,1220.0,0.11326593674475216,0.02289559553664222,0.0928172286193727
50.0,DNA,-0.9697085799597303,-0.5370375160375083,-1.208642746850998,0.774352624761198,0.6359814414885114,0.7250614077837335,Q21A,O2,1220.0,0.14905704393789665,0.029703889443259524,0.03791611944796747
75.0,DNA,-1.330261996463599,-0.9656662184735545,-1.700377347737676,0.848464061758937,0.72787705613396,0.790883968771702,Q21A,O2,1220.0,0.1273387178905543,0.026851701644676984,0.05408666370961546
100.0,DNA,-1.5144176534698932,-1.2956813436069128,-2.113014780677523,0.8935320810197979,0.7871196623936743,0.8197149802966822,Q21A,O2,1220.0,0.11297233542381013,0.023473826901430073,0.051252559387461205
250.0,DNA,-2.2354623793729607,-1.5328722376501935,-3.4564936732940676,0.9816900071097735,0.8543637981593492,0.9033891517595164,Q21A,O2,1220.0,0.14738511416240407,0.030605052353286588,0.10470016062303578
500.0,DNA,-2.9706446799078443,-2.103262759881066,-3.6080344313916832,0.9799333072281664,0.9024494967770709,0.9512301932499678,Q21A,O2,1220.0,0.08489506404854963,0.018235070734928138,0.0359570029933014
1000.0,DNA,-2.350163165543088,-1.6067296712270975,-3.943312327574574,0.992133798686281,0.8604609147848626,0.912947195951944,Q21A,O2,1220.0,0.15903176663201868,0.03392784471307997,0.09844015333233747
5000.0,DNA,-2.8113955598766966,-1.2566436418272102,-3.848231577085331,0.9987558344082665,0.8254130130250944,0.9432885212684636,Q21A,O2,1220.0,0.21155682644766505,0.034764165974478956,0.08606725580719143
0.0,DNA,3.964319167089996,6.521897566236825,2.836127551239321,0.03803564991666242,5.378318273407956e-06,0.018627389431227215,Q21M,O2,60.0,0.06440211231093107,0.0102928969954581,0.03171581790119715
0.1,DNA,4.120801072937873,5.4706207812031735,2.851907109667502,0.041062073637812224,0.0003679836869076025,0.015972252883561855,Q21M,O2,60.0,0.05386446711362802,0.009058899939525022,0.022081460397062824
5.0,DNA,3.0620028503196757,3.9607579367195918,2.8430328381632335,0.05083456792086627,0.015897459391738256,0.044702095657438656,Q21M,O2,60.0,0.03755898040322303,0.0055257973747434574,0.03906459723477185
10.0,DNA,2.5539791120487303,3.1024643622481567,2.0369326268651995,0.10617530477325343,0.03753080759566674,0.07215961946220806,Q21M,O2,60.0,0.07401426216294882,0.006419414589141081,0.018504167758700785
25.0,DNA,1.4372709447309826,1.9506642450254232,0.7497041493807407,0.30550223024560685,0.11438590233266532,0.19196831418755433,Q21M,O2,60.0,0.19863982772282263,0.029733240263934757,0.08644803897451092
50.0,DNA,0.4302368329928198,0.852944669829669,0.06954092241185388,0.48085838215964594,0.2973172869169476,0.3940697794546645,Q21M,O2,60.0,0.18986047777399528,0.027747008370680115,0.037884243713738885
75.0,DNA,-0.0006282253208866486,0.10444862882162456,-0.0857362729460657,0.5214209482482574,0.47391155617465175,0.5001570563250562,Q21M,O2,60.0,0.049867487583501346,0.00796960912281297,0.021548564993203678
100.0,DNA,0.06762296301132308,0.37125143947621997,-0.8250193139634489,0.6953007611731875,0.40823866431580913,0.4831006986085792,Q21M,O2,60.0,0.30325705187029794,0.045069507442968226,0.09560568757056942
250.0,DNA,-1.2495289842565074,-0.5701849455781927,-1.7592034807304586,0.8574777327034003,0.6437453623556243,0.7772183154453516,Q21M,O2,60.0,0.2280628725683983,0.039199003205732885,0.05023755574281419
500.0,DNA,-1.9792856552172486,-1.1919578094816414,-2.4471237791587646,0.9292616181964531,0.7790061007710974,0.8786049919404431,Q21M,O2,60.0,0.15434628619421198,0.02421808110373036,0.02972571831758053
1000.0,DNA,-2.358134658031956,-1.4632749300854462,-3.3744555395059543,0.9813284779979711,0.8435197858212511,0.9135786452832315,Q21M,O2,60.0,0.14888861336222614,0.02366407414540639,0.05823942514461178
5000.0,DNA,-2.1699920876200824,-1.3372432029966415,-2.768443009038181,0.9505634415577859,0.8095139977759959,0.8975222388085853,Q21M,O2,60.0,0.14830305824884604,0.02271684796566964,0.05333604405762238
0.0,DNA,3.9820941922449227,5.067231989972999,2.707029157798874,0.04610785972067666,0.0009935514247221278,0.018305219785410776,Q21M,O2,124.0,0.0541500642840933,0.009194718901020305,0.021668566665316913
0.1,DNA,5.979219952553398,5.975435114859574,3.7967060828770336,0.015635533934811874,0.0003905070435229474,0.0025244108880509986,Q21M,O2,124.0,0.018016372159099125,0.0029791955443012608,0.02136947236421849
5.0,DNA,3.3884924682729154,5.1158254252416855,3.166432334354962,0.03242042273731549,0.0028839155475894884,0.03265704554467597,Q21M,O2,124.0,0.03360047508738728,0.005275675916518896,0.016392379928632628
10.0,DNA,3.09061355809853,3.77312241180423,2.6625033120496924,0.06043836959743021,0.019410151255074726,0.04349610121633596,Q21M,O2,124.0,0.04332975874730349,0.003877508949210795,0.01942446528093522
25.0,DNA,2.104092635256891,2.5086098408443043,1.0076115762110671,0.24330553968817836,0.06414790258213854,0.10869967463894703,Q21M,O2,124.0,0.1841590411150572,0.027696035475291314,0.0770681966854374
50.0,DNA,0.8832652488153454,1.406830341519055,0.39182930563026735,0.38625464234909157,0.18345453901566,0.2925015963728792,Q21M,O2,124.0,0.20678923190902687,0.03037169457070965,0.04733904843552528
75.0,DNA,0.6577885257322778,0.5923911400554357,0.2750585211494683,0.4316656594462869,0.3560864040177363,0.3412365633907998,Q21M,O2,124.0,0.0790527097771776,0.012598155677233214,0.11385632749441899
100.0,DNA,0.24441439518503247,0.7205208901454748,0.11034184631374758,0.47099304731940916,0.3259463744999216,0.43919878088248465,Q21M,O2,124.0,0.15122294471378606,0.023580639540315085,0.06618954208752514
250.0,DNA,-0.3574263337443169,-0.08768628774031278,-0.9953716986036352,0.7367755134984795,0.5293657483528069,0.5884172795743772,Q21M,O2,124.0,0.21902279306927963,0.03385605109859802,0.05274801653727945
500.0,DNA,-1.3096600739787005,-0.5348210499471888,-1.8557588417356146,0.881768202817376,0.6525007070625388,0.7874562683945591,Q21M,O2,124.0,0.24203834381569045,0.03667525405404193,0.042744474262790266
1000.0,DNA,-1.5888899133495173,-0.49991039091426925,-2.3206251744778017,0.9340186201652874,0.6620807486294619,0.8304598643277797,Q21M,O2,124.0,0.29404323846510516,0.046339008205954824,0.08349624126746336
5000.0,DNA,-1.1186932871256494,-0.36496473657475864,-2.07425721433851,0.9092603993752627,0.6214182834783832,0.7537462541918156,Q21M,O2,124.0,0.29856268636564354,0.04849345018161144,0.14843132276037774
0.0,DNA,4.847738100066834,6.143960655738813,2.9901314535318613,0.03398179707094251,2.484197316854342e-05,0.007785022495936045,Q21M,O2,260.0,0.04922281246094484,0.008744043278329672,0.024155704756041785
0.1,DNA,6.068251411817954,6.690395563724724,4.821387385222967,0.006510770983710112,0.0005315316147747051,0.002309870182992557,Q21M,O2,260.0,0.006649298825839978,0.0011094855471901477,0.0024985471882411625
5.0,DNA,5.5350161585734545,6.293436329911988,3.417327709565619,0.02314045728091807,3.766532264448674e-05,0.003930634020120838,Q21M,O2,260.0,0.03231366303975447,0.00544653701213671,0.009318978338579309
10.0,DNA,3.839889638079899,4.474137577614409,2.976735639791584,0.041864662783833606,0.007820614896876688,0.021043620442647848,Q21M,O2,260.0,0.03535706448900955,0.003068861596103978,0.013384609754475973
25.0,DNA,2.439631752381621,3.229110920481976,1.2967413308227607,0.18906163886646388,0.026694907647060062,0.08020007287183739,Q21M,O2,260.0,0.17346424084458256,0.02907375221890751,0.04148480543713795
50.0,DNA,1.4227721937802502,2.1214645235903236,0.9058380542683847,0.2811071432615312,0.10247064952198237,0.19422735889621878,Q21M,O2,260.0,0.18762477921319298,0.029711885114074077,0.07424025988657512
75.0,DNA,1.0219771952710721,1.2115147566811144,0.8646281493321929,0.2961441263925737,0.22920930231822045,0.2646424458334733,Q21M,O2,260.0,0.07058991328520314,0.010576755588042386,0.03667387744432471
100.0,DNA,0.6922861237126307,1.2264403827951849,0.19525900379743272,0.4439435287774237,0.22037862228669858,0.33352470675147794,Q21M,O2,260.0,0.22533326244162544,0.034928183676717905,0.07149662656596334
250.0,DNA,-0.09630363922793456,0.19447949901100464,-0.23551331086220598,0.5586076808075351,0.4515327907159783,0.5240573195981205,Q21M,O2,260.0,0.1118670818965295,0.016847615702691776,0.036857625339713374
500.0,DNA,-0.4269702143886136,-0.42513586985763563,-0.9001363320671404,0.7109775181009563,0.6047115628938367,0.6051499520076259,Q21M,O2,260.0,0.10996263980094068,0.014840442970554535,0.3949526074995372
1000.0,DNA,-0.8214669418786861,-0.5771688154652661,-1.108788343846751,0.7525439450835084,0.6411447813995147,0.694547642396452,Q21M,O2,260.0,0.11758760019788783,0.01711255461454042,0.05217364462913576
5000.0,DNA,-0.8438168119707747,-0.5802827752077928,-1.1612534436532789,0.7615603974769897,0.6411324703105581,0.6992684712738707,Q21M,O2,260.0,0.12854572176377566,0.01869955348155905,0.053848381756982255
0.0,DNA,5.383982631712866,7.52396151192543,2.5832954804287174,0.04522757802025201,8.592407705343419e-07,0.004568539820683837,Q21M,O2,1220.0,0.0994127945344716,0.014672755655343095,0.023797516422144005
0.1,DNA,4.676381667992189,7.526209999186632,2.4531583130915444,0.04842763465087685,9.388857324932331e-08,0.009226724010793053,Q21M,O2,1220.0,0.11055375213842411,0.014640245262760088,0.05247757568736833
5.0,DNA,8.392074211989009,7.000036117823464,2.3309948034920214,0.05335848902515883,1.3000388828787734e-06,0.00022660529488982561,Q21M,O2,1220.0,0.1104074430577654,0.016611966238610276,0.023533897336841414
10.0,DNA,4.343934778579195,7.012494033736639,3.359275634499885,0.021695646859775652,5.889616577769985e-06,0.012818875765913562,Q21M,O2,1220.0,0.035171945587435416,0.0032406705259027113,0.010618029283607111
25.0,DNA,3.0253093905000843,4.388430095775862,1.8678841573364264,0.10058499008663091,0.0022386550262598615,0.0462954876547953,Q21M,O2,1220.0,0.12117047490765565,0.02021818056646263,0.08534676693742749
50.0,DNA,2.442679823417,3.565351339998726,1.7459077895022432,0.13038820371752036,0.018687974051256995,0.07997551022286842,Q21M,O2,1220.0,0.12580285933122803,0.020759944214615023,0.028988203294142645
75.0,DNA,2.097652107826644,2.7283241475920845,1.7047333210232434,0.14448809271673557,0.05456013669304516,0.10932523341377165,Q21M,O2,1220.0,0.094281256927369,0.014762169279109338,0.0404037826136614
100.0,DNA,1.381161720163403,2.8838237271025178,0.9835386078409056,0.2428529952774502,0.035164756152816,0.20082248720686224,Q21M,O2,1220.0,0.22852524545653508,0.03474972874183735,0.0979466862727576
250.0,DNA,1.3396247690777672,1.6463960780639946,1.0009518293819468,0.2687543215177809,0.1615966250069879,0.2075717719199165,Q21M,O2,1220.0,0.11076005843309078,0.01753023803358067,0.07412135622417926
500.0,DNA,0.6872426427264794,0.9045203390704054,0.6678822181901739,0.3389712096441888,0.28812245283619287,0.33464674154745744,Q21M,O2,1220.0,0.053424449253928974,0.008326577024128756,0.026716044121876115
1000.0,DNA,0.5292924509311772,0.9541321974026653,0.309749693859324,0.42180693740458197,0.2766955589325001,0.3706819277329926,Q21M,O2,1220.0,0.145523891697946,0.022368123876239876,0.08280342799879425
5000.0,DNA,0.4103973919667626,0.7609191420931852,0.23631708432179657,0.43943365043398985,0.3167658757613043,0.3988168378417043,Q21M,O2,1220.0,0.12781335795887727,0.019485258774915803,0.052779797520477345
0.0,DNA,-1.7152251159174254,0.5677054941195349,-4.7685341617404005,0.9999929665474145,0.49524699606435174,0.8475127782408015,Y20I,O2,60.0,0.8376957790498539,0.14061028101628914,0.7238025031845892
0.1,DNA,-1.6068351890960302,-0.6251489223425211,-2.7279408530386116,0.9637151485305908,0.6982641644248928,0.8329715302939951,Y20I,O2,60.0,0.2892152089832747,0.026768130020650593,0.11673281790725076
5.0,DNA,-3.20206683791177,-1.9921935230553947,-4.2487299144416335,0.9956528656812108,0.9072690204691092,0.9609119819309332,Y20I,O2,60.0,0.10720833296896337,0.010416628890562829,0.03077024503927972
10.0,DNA,-2.5159667121736424,-1.3928355299031479,-4.786242681492463,0.9998420979135146,0.8636403191385951,0.9252535931290542,Y20I,O2,60.0,0.20508576747437524,0.02037521149573296,0.045178287022515806
25.0,DNA,-3.8911700025498446,-2.1864521758106625,-6.586177065956875,0.9999987186902581,0.9325002265514849,0.9799872502277203,Y20I,O2,60.0,0.12693938650878445,0.011667544349227676,0.06088897320011433
50.0,DNA,-3.9877436331856138,-0.3109988757228179,-6.233713570437858,0.9999973637423184,0.7228099325263642,0.9817960256628023,Y20I,O2,60.0,0.5409256624636621,0.020535012067606107,0.0589076688281619
75.0,DNA,-2.5684760373883324,-0.4636779739636993,-6.9518721319504895,0.9999986556661657,0.7346090045227279,0.9288049877641148,Y20I,O2,60.0,0.5463870572369313,0.017113896914804028,0.13451789183999396
100.0,DNA,-4.265446682260939,-1.9612732848099719,-7.768106163469552,0.9999997359639328,0.9298567586604395,0.9861489543189401,Y20I,O2,60.0,0.16710738655798152,0.012661357524622718,0.05036164003464527
250.0,DNA,-0.9123277703082662,-1.2158828852131416,-7.149006293799548,0.9999998790748583,0.8685771658779572,0.7134762602853492,Y20I,O2,60.0,0.301394707125629,0.02356203397968004,0.3399778516459788
500.0,DNA,-4.637073836556014,-0.398816168513554,-6.241341609966701,0.9999993350174229,0.742262090572362,0.9904069195514492,Y20I,O2,60.0,0.5846998004976867,0.05533014224930011,0.06577120820049986
1000.0,DNA,-5.292229154853709,-1.8747418346243583,-7.72594193903248,0.9999989297990333,0.9271147454148462,0.9949946456919726,Y20I,O2,60.0,0.17094701496133624,0.011902516826170162,0.06312641467571956
5000.0,DNA,-6.930269668713094,-1.590025222959706,-7.461733046734735,0.9999997106420977,0.9130970578875557,0.9990232178684775,Y20I,O2,60.0,0.20211903114688212,0.014217009304795969,0.028201888765388317
0.0,DNA,-0.799994839136006,-0.25444624970526925,-1.4363006802513305,0.8183247319943698,0.5791206907216349,0.6899733771676794,Y20I,O2,124.0,0.24342602689119786,0.02000258571886626,0.03752460001655289
0.1,DNA,-1.841900892648286,-0.34472473821910304,-1.326162429080954,0.7963200197473567,0.592698976637987,0.8631733675778095,Y20I,O2,124.0,0.20992897110542885,0.01986375920848027,0.23915083532397619
5.0,DNA,-2.4383822740796366,-0.3414292984396454,-4.021446514730119,0.999782645125097,0.6760274825830267,0.9197077072261234,Y20I,O2,124.0,0.46348118403588634,0.05204189694714456,0.13314389181647934
10.0,DNA,-2.8345094966241238,-0.969650618440173,-4.082598940986409,0.9999427663898535,0.8034391061494055,0.9445124132853738,Y20I,O2,124.0,0.2727704410241256,0.029210574834225733,0.05661672786729954
25.0,DNA,-2.752185076783428,-0.8600160791168667,-5.6683973318968865,0.9999980450893818,0.8155388701918002,0.9400366361995859,Y20I,O2,124.0,0.32517659454116055,0.03315780365499588,0.13820698568676104
50.0,DNA,-2.2173959691345777,-0.8272374486928018,-6.895660609333121,0.9999993843512589,0.7959359746194724,0.9018008340693974,Y20I,O2,124.0,0.41325198332069224,0.011169972647169457,0.1526328490280061
75.0,DNA,-1.4707239126138922,-0.8357274805056921,-6.666745032123348,0.9999894482706034,0.8131343521496711,0.813167392247491,Y20I,O2,124.0,0.3878176372761033,0.011298892853571774,0.4196302787531403
100.0,DNA,-4.562638838007641,-1.23126050850848,-7.199994972683071,0.999998716430105,0.8608379949855339,0.9896732665143856,Y20I,O2,124.0,0.33681674622897073,0.024157517351688917,0.0417328282330266
250.0,DNA,-5.2820409964519675,-0.9277086092383818,-7.017528708761426,0.999999825379006,0.837129412230339,0.9949436488589936,Y20I,O2,124.0,0.36906908599000243,0.026215770167054897,0.07081473340028044
500.0,DNA,-4.0131277677416115,-1.2324180538650982,-6.984733983845677,0.9999999745197723,0.8629695088408744,0.9822442006495038,Y20I,O2,124.0,0.31521899219748073,0.026913433211201876,0.05904626945984748
1000.0,DNA,-1.9871455471362032,-1.0343261971026063,-7.052559667724985,0.9999990640500762,0.8610131878564925,0.8794408227732909,Y20I,O2,124.0,0.3259056660249533,0.023812127140236394,0.30610813311543994
5000.0,DNA,-1.8029518684936936,-0.9727117241456609,-6.629348608469002,0.9999994074113289,0.8239491036456086,0.8585078843589921,Y20I,O2,124.0,0.3840784181929252,0.03125358299057135,0.17320919446807925
0.0,DNA,0.15199150230364608,0.482988805640047,-0.16940190012815665,0.5403910911461509,0.3797556049656883,0.46207510622709835,Y20I,O2,260.0,0.16923662099024317,0.014343477225578938,0.02501044954867504
0.1,DNA,0.3159538660918576,1.1728230211977322,-0.6517888463781563,0.6408161615121264,0.22046796372421518,0.4216621369326097,Y20I,O2,260.0,0.41917243403550286,0.043486979179420016,0.08411428193093284
5.0,DNA,-0.37207307591075783,0.9129053788934491,-2.113247284361906,0.9331241362470014,0.3494320815133386,0.5919598115216336,Y20I,O2,260.0,0.6301449270661903,0.07524112769135727,0.2932112305960787
10.0,DNA,-0.38373928628679627,0.27364341897705496,-2.672915934755332,0.9738881056788196,0.5178294846229597,0.5947746558067051,Y20I,O2,260.0,0.5366986289381165,0.06723550755460417,0.48875835252121935
25.0,DNA,-3.0700905116484174,-1.2798293956960773,-4.129462650394648,0.9998938020743041,0.8301971715993868,0.9556420093903768,Y20I,O2,260.0,0.2309709433465157,0.024532786016537633,0.15372261740876758
50.0,DNA,-1.942209515361934,-0.19891187065468371,-4.8709367944674815,0.9999497645585083,0.6925147308124275,0.8745946811761601,Y20I,O2,260.0,0.5355526308023721,0.02573342953610347,0.2588773077106178
75.0,DNA,-0.9077520235092617,0.111276777855026,-5.62505901479192,0.9999663217291689,0.5933002922022542,0.712539937059701,Y20I,O2,260.0,0.7136923578267542,0.043703043031455,0.32410931159611
100.0,DNA,-3.670259231661284,-2.6495240382265304,-6.537459346172082,0.9999864549659482,0.953921068390457,0.9751627353204863,Y20I,O2,260.0,0.07485707764116312,0.007045675054064837,0.029558855964108677
250.0,DNA,-5.045071120046642,-1.7248155826154032,-7.4242139525559985,0.9999999324583079,0.913336630021681,0.9936002187423848,Y20I,O2,260.0,0.1881421478239591,0.014022994128776611,0.04727781682402166
500.0,DNA,-3.6726287626683063,-2.4139985855286397,-8.091618845018118,0.9999989099615232,0.9574856062784146,0.9752200616786574,Y20I,O2,260.0,0.0937602901897292,0.006963620856621944,0.056242808106668374
1000.0,DNA,-1.7336642860609675,-1.5479493934416317,-6.00192087759586,0.9999750271988402,0.8908753553128701,0.8498805227466077,Y20I,O2,260.0,0.2012972015530068,0.019890277177928573,0.2526093007014817
5000.0,DNA,-4.32281918981513,-1.4661860535863034,-7.122317352487424,0.9999975038965245,0.8844081790373828,0.9869111486751323,Y20I,O2,260.0,0.25557331927016036,0.018222541022362537,0.09182851282075144
0.0,DNA,1.7658934892405767,2.139879123500266,1.267122166165503,0.20921430267097996,0.09773823836102868,0.14605375733549542,Y20I,O2,1220.0,0.11749599760957652,0.010379062271912876,0.03539611521080943
0.1,DNA,1.916878140854163,3.281403209483637,0.6700718882676616,0.28095797377370124,0.011073637979365558,0.1282100987841842,Y20I,O2,1220.0,0.3249026561963848,0.03448585346462252,0.09330447683931897
5.0,DNA,-0.10839191915124437,2.4348396835295136,-0.34681758341349983,0.4980664523075712,0.024190996223088845,0.5270714801741437,Y20I,O2,1220.0,0.5098937509787135,0.06325062637735912,0.32215240972783643
10.0,DNA,0.11517925076835948,1.8073739246240508,-1.088796345914879,0.7078380144365984,0.10823604510351814,0.47123697842251444,Y20I,O2,1220.0,0.6317719552749919,0.0815092665881495,0.25847005313078697
25.0,DNA,-0.9249698324295793,0.7891827086099522,-2.2597032464443574,0.9364549411088903,0.3656772777782139,0.7160536601606557,Y20I,O2,1220.0,0.6158087956781214,0.07914441831308816,0.10207664185284493
50.0,DNA,-1.7972291825244255,1.2992404080797786,-3.3753431360122654,0.9998040906760338,0.32816548019377634,0.8578113104852008,Y20I,O2,1220.0,0.8278371601206418,0.11136120994977405,0.4351188714968599
75.0,DNA,0.07415127265334716,1.1969815066612421,-3.687097826545446,0.9999905858525687,0.3895712392968105,0.4814706712145249,Y20I,O2,1220.0,0.8071670303086935,0.0975480431339093,0.6393946865793745
100.0,DNA,-2.693540158652837,-1.224444903411121,-3.61989263512685,0.9912678963661811,0.81976677870683,0.9366443856492879,Y20I,O2,1220.0,0.20707050034580465,0.01988633630540182,0.04377009111785335
250.0,DNA,-4.027191708734611,-2.24575852807299,-6.5491422784866025,0.9999988001745407,0.9364509150096365,0.9824878268967971,Y20I,O2,1220.0,0.11328965493232646,0.011715709321672318,0.06376981587589381
500.0,DNA,-3.3266219183509413,-2.2823898750050677,-5.494320275226866,0.9999987850856805,0.9393330235546494,0.9653308924549112,Y20I,O2,1220.0,0.08779425382905437,0.009502802856977577,0.024103567812867932
1000.0,DNA,-3.1712765017796816,-1.5720316733931101,-5.748570314041355,0.9999987126035359,0.8935270480212176,0.9597389377019548,Y20I,O2,1220.0,0.182961464290326,0.018630055933034018,0.03375140332222826
5000.0,DNA,-2.462891034378834,-1.0440139512397633,-4.984757797400048,0.9998714041836696,0.8091364809824155,0.921499051072295,Y20I,O2,1220.0,0.30727265769340306,0.032763545425589236,0.16377153226092522
0.0,IND,3.6277849904904467,7.457486402720119,2.1912440582025123,0.06465939014274957,2.1770533831233507e-07,0.025887035572331296,F164T,O1,260.0,0.1530714137275494,0.021298412594376592,0.08714708015992756
0.1,IND,4.222571875918457,7.826394414775519,2.4195092553009303,0.05331535535238985,1.0110194947898776e-07,0.014449053994827876,F164T,O1,260.0,0.1252023699455842,0.016582720611170165,0.038737313182091615
5.0,IND,3.004920368421902,7.724462364386812,2.486814979630979,0.04692990820951515,2.2618165840260218e-07,0.047204081707303946,F164T,O1,260.0,0.11485409917845812,0.015062061196473797,0.08976733409639093
10.0,IND,6.401620023526141,7.017651674919469,1.9081688033669812,0.07817573097922459,4.585437832327344e-06,0.001656120405850392,F164T,O1,260.0,0.18811936058468692,0.02753714707390953,0.06528839660874097
25.0,IND,2.831144002419799,3.4733324820402562,2.4330345395660697,0.07494278709404167,0.026446056891373693,0.05566423203467885,F164T,O1,260.0,0.05143568674816601,0.008455538270829122,0.012864485383314084
50.0,IND,2.105082326449178,2.3075059304861387,1.9492309721533048,0.12333260532813872,0.08925141415955218,0.10860382646927935,F164T,O1,260.0,0.03539806660722222,0.005213173403247784,0.01461853774570887
75.0,IND,1.331009732835974,1.6051362320477547,1.1045277048768483,0.2433192185070242,0.1625929102370005,0.20899239261197133,F164T,O1,260.0,0.08326873964777615,0.01189951096219144,0.028332714887300048
100.0,IND,1.2158055168080357,1.9133624053743716,0.6466882818620738,0.34023314846893005,0.12658397032545876,0.2286754439334021,F164T,O1,260.0,0.2287396052702355,0.03533635084552034,0.06581477229762345
250.0,IND,-0.4292964941286474,-0.17083831725762447,-0.6800434323348633,0.6670446185978016,0.5461138237123062,0.6057056652192089,F164T,O1,260.0,0.12610773731690728,0.018705886452277,0.042463190352413305
500.0,IND,-1.1609017004046405,-0.5100470304004436,-1.7802068647915688,0.8724307076994788,0.6472686973532403,0.7614965198954878,F164T,O1,260.0,0.23042840328713354,0.036201779031776904,0.13557735375546864
1000.0,IND,-1.2285801555507856,-0.6820373677200703,-2.0575941248845027,0.8987580145146978,0.6795933997873463,0.7735699716730735,F164T,O1,260.0,0.23297561020304947,0.035985737753961855,0.04087784861903365
5000.0,IND,-1.7915107407197468,-0.3392806646843034,-3.108139192504883,0.9925755607700829,0.656885498972227,0.8571123978852315,F164T,O1,260.0,0.39195078130444916,0.06553539111667894,0.12200024951561894
0.0,IND,2.9690048266768385,4.889059863720173,1.9550841612100553,0.08713556342293527,0.0001059306528559123,0.048845938010417034,F164T,O2,260.0,0.11869075881781321,0.020043435808675958,0.04755446718813283
0.1,IND,3.355210191950512,4.979776360670663,2.390534220318482,0.06290836282905976,8.311840554608985e-06,0.03372496346094356,F164T,O2,260.0,0.07861307028740994,0.012406767374229966,0.04107325378356874
5.0,IND,2.784996057084336,3.677788023584727,1.9275382198989994,0.1115712053837562,0.016934482509446513,0.05814036641814979,F164T,O2,260.0,0.104086440000693,0.017171864613642063,0.022084851830539765
10.0,IND,2.039973074394585,2.922658950759126,1.3479681524915936,0.18733324041824218,0.04004163274367323,0.11506947381087462,F164T,O2,260.0,0.1591517999499653,0.02314242614496831,0.09406161376696609
25.0,IND,0.6361605821686356,2.020285257688837,0.11727759223640441,0.44342118148167275,0.10121331936346745,0.3461149599575042,F164T,O2,260.0,0.3700727210325233,0.06417383429958501,0.20492424255240005
50.0,IND,0.9674173037743173,1.386352337653116,-0.786878481464132,0.6581818327099739,0.17270112497018042,0.275395587543538,F164T,O2,260.0,0.5060846637550427,0.08290015976041476,0.12659083345684097
75.0,IND,-0.44642070100103964,0.7670865906149232,-1.3932779123455024,0.8124187826332508,0.32990564484829843,0.6097878873083797,F164T,O2,260.0,0.5121169941511617,0.08326405817326799,0.16576753734235206
100.0,IND,-0.9389228869858758,-0.19332131467659686,-1.6203510942604775,0.843507582035794,0.5596428728391336,0.7188820342697936,F164T,O2,260.0,0.30138580025382633,0.047026506619859854,0.14532966903526412
250.0,IND,-1.897097051416639,-0.08758934398205051,-4.020395274106494,0.9999808939933259,0.6446986044985044,0.8695626162196279,F164T,O2,260.0,0.5363923452243132,0.09621421241680683,0.171474904745055
500.0,IND,-2.614684127384833,-0.2775288211826445,-4.557267907777539,0.9999873819634482,0.694095117834701,0.9318006668046839,F164T,O2,260.0,0.49437765853126314,0.0857568093205715,0.1130811176388985
1000.0,IND,-2.0615206169049327,-0.7002507629330316,-3.597249788932619,0.9989191633073847,0.7461087799745973,0.8871065471282862,F164T,O2,260.0,0.3245770814303486,0.051996847861068174,0.10918855536297589
5000.0,IND,-1.642783553701376,-0.6268790984373906,-4.374070973436885,0.9999929639348876,0.7557497833028123,0.8379133402621384,F164T,O2,260.0,0.36760324507505615,0.06563667417047014,0.12233650345426816
0.0,IND,-1.6599847131573415,-0.6987442859893721,-2.7328641921566468,0.960367423057171,0.7102627834197239,0.8402359509689248,F164T,O3,260.0,0.2798336200020878,0.044134646195667315,0.06288078778642803
0.1,IND,-1.7301087726050508,-0.6393070044140376,-2.1868001067738803,0.9207175709318375,0.6928723843787378,0.8494263329337661,F164T,O3,260.0,0.24645505805621803,0.037970270291611596,0.14150404894017576
5.0,IND,-1.8183880460585577,-0.453065024418083,-3.657438347429335,0.9981917566628115,0.6906098816127659,0.8603725929081185,F164T,O3,260.0,0.4012576970563366,0.06809064415847432,0.17255545783884285
10.0,IND,-1.6294297220372238,-0.5875737985886063,-3.193751910349227,0.9882442879853239,0.7241557411589576,0.836091501435765,F164T,O3,260.0,0.31588515878139944,0.04967246882559717,0.10296500168701794
25.0,IND,-3.5562275187332073,-1.5992305271550127,-5.099819127162323,0.9999791812750455,0.8865972545428051,0.9722459631354393,F164T,O3,260.0,0.17271681657654914,0.029167567997507637,0.08628982493728699
50.0,IND,-3.8742914273905136,-0.7710842855032142,-5.772874382623558,0.9999989976931688,0.7961149095376537,0.9796535278377425,F164T,O3,260.0,0.4315436788230158,0.06732901167114547,0.10276154390851233
75.0,IND,-3.031315122603511,-1.013025269888383,-5.389558181783711,0.9999843351826398,0.8156150620449959,0.9539689573611656,F164T,O3,260.0,0.3274804999215748,0.053316364181207776,0.10257322058051122
100.0,IND,-2.1705128214587375,-1.9978423472843707,-5.810926318447834,0.9999937220361835,0.9170575792927017,0.897570123946937,F164T,O3,260.0,0.13877859180704444,0.023105016819105484,0.10943197900253487
250.0,IND,-2.617387233391043,-1.4445759661078366,-5.62910193253585,0.999994519989815,0.8720812820713193,0.9319722439131508,F164T,O3,260.0,0.223058872683085,0.0376244511575754,0.06343470089329728
500.0,IND,-2.9332240613475995,-1.3438492541568992,-5.9376415768042055,0.9999989333983218,0.8701468460215087,0.949464594979794,F164T,O3,260.0,0.24571127266076376,0.03831757924253809,0.09835413051604225
1000.0,IND,-1.4479619501678862,-0.31420425786791106,-5.0246648066560216,0.9999942964047596,0.7046948644863679,0.8096845779535542,F164T,O3,260.0,0.5308578612004825,0.0911004906748133,0.34143029423395055
5000.0,IND,-4.182689939820855,-2.1620320558289996,-5.689972312368305,0.999999120353444,0.9315143530821958,0.9849718794087077,F164T,O3,260.0,0.10859686830453141,0.01886413816510424,0.07411572410421852
0.0,IND,2.120197243104842,2.2938008174013684,2.005001081139183,0.11867883973550941,0.09163767763898834,0.10714919912198229,Q294K,O1,260.0,0.032661805711242664,0.011508112435927531,0.01556083366240113
0.1,IND,2.1205979760483973,2.227581019678478,1.9950384093517701,0.11934335591485001,0.09697752695205175,0.10711086773821243,Q294K,O1,260.0,0.02733509905406728,0.009675060089456733,0.021598961171198416
5.0,IND,2.171942876078443,2.256879207129871,2.0230968950479715,0.11679914483321441,0.09475772816892902,0.10229847442677065,Q294K,O1,260.0,0.026893312947092185,0.009387404960499834,0.010953342259361398
10.0,IND,2.2304228140188624,2.226487294026566,1.9833712064982,0.12093320953113984,0.09737321482763028,0.09705158239302858,Q294K,O1,260.0,0.028259948687139103,0.009715718213095359,0.01877829675045406
25.0,IND,2.052767383945109,2.1725747463495124,1.9197529558137219,0.12715296001995258,0.10155193718705835,0.11377305105213376,Q294K,O1,260.0,0.03059327339107576,0.011020069552353684,0.02147453977356384
50.0,IND,1.9518501611161658,2.1234496833913985,1.8306156497284218,0.13816494810592106,0.10683844119396568,0.12435175705098045,Q294K,O1,260.0,0.03774642486924351,0.01295039637370543,0.01654755434689692
75.0,IND,1.9872786244361753,2.058017303853327,1.7786549377982983,0.14388724486756932,0.1127498206864731,0.12054506846340018,Q294K,O1,260.0,0.03731208269345687,0.01305935897310928,0.028899278727727684
100.0,IND,1.7865137279192973,1.9407148898794666,1.7434982502818754,0.1488691366400695,0.12556933939142212,0.1435006827102957,Q294K,O1,260.0,0.027439160342666025,0.009339083820553817,0.02176259594370744
250.0,IND,1.5073890191050585,1.5433451035411145,1.2890820557295197,0.21367321999058964,0.1738651892054519,0.18132606278040253,Q294K,O1,260.0,0.04783092823460455,0.016826705606793668,0.026644405377857616
500.0,IND,1.075466108868251,1.7386174120643854,0.5494754526014792,0.36021175143939654,0.14578253390467422,0.25436497194435115,Q294K,O1,260.0,0.22260016152746442,0.020273101433264662,0.05659240027813339
1000.0,IND,0.7244552650123309,1.0649231515607809,0.5225503317915254,0.37225607445584874,0.25636975868676126,0.3264126587027555,Q294K,O1,260.0,0.13706899534492378,0.04799842269512844,0.0682586493990901
5000.0,IND,0.13928152557639675,0.45639424572391935,-0.32013081556239903,0.5793561325728848,0.38784155678563925,0.4652358006634839,Q294K,O1,260.0,0.23060965929406307,0.08306126175524464,0.1270693547096572
0.0,IND,1.1481088566527105,1.3592628310325372,1.0316053961530451,0.26220147082630796,0.20386006459929507,0.24083467761192445,Q294K,O2,260.0,0.07918516880560844,0.035304206780571445,0.04920053922366108
0.1,IND,0.9081533916893261,1.0931761547881098,0.879855290116748,0.29320776724707465,0.2510206596996881,0.2873778590039824,Q294K,O2,260.0,0.05806090766982508,0.025884503070852105,0.043541444401392515
5.0,IND,0.8750781690267448,1.1058300208009264,0.8050964148697849,0.3089242877810292,0.2486376506279564,0.2941987404285302,Q294K,O2,260.0,0.08184509208678836,0.03607927962409352,0.07390127982630146
10.0,IND,0.7694306634839752,0.9211333091185339,0.6943053677579328,0.3330760081010101,0.28472703104266806,0.3166022780515624,Q294K,O2,260.0,0.06650705742934249,0.030134415100108725,0.03617187829690094
25.0,IND,0.6619380244124277,0.8254364510063332,0.5835308515214327,0.3581205500893154,0.3046108723689921,0.34030439571315285,Q294K,O2,260.0,0.0735790013598987,0.03288650484242195,0.050755872420994885
50.0,IND,0.68268667809312,0.8655707536665981,0.581177032772326,0.35866180343325826,0.29617677108244156,0.3356619279153612,Q294K,O2,260.0,0.08524286717796525,0.038126515634974045,0.06497247544709417
75.0,IND,0.8278495216945395,0.8445140938023927,0.47973265853568947,0.382315256011429,0.30058491625915074,0.3040999694147246,Q294K,O2,260.0,0.1117119968808239,0.05095429019951503,0.0694163254452107
100.0,IND,0.626386293240858,0.8420096088576116,0.4188273875405934,0.3965592190524885,0.3008936866091273,0.3483303857301997,Q294K,O2,260.0,0.11122133395629641,0.03875098314073899,0.0714105491673811
250.0,IND,-0.09073386777148527,0.12197180427672491,-0.33297877991515223,0.5824839828725501,0.4695447967176304,0.5226679176856773,Q294K,O2,260.0,0.1510737053861283,0.06844968158201048,0.09902887179824893
500.0,IND,-0.21636807783606846,-0.09135476852458102,-0.49702137180856587,0.6217590876159038,0.5228228216485515,0.5538819755826913,Q294K,O2,260.0,0.11594836269393571,0.038277628474083225,0.0716333250271094
1000.0,IND,-0.9850370877325818,-0.7900577577023437,-1.1313598472518107,0.7574832737885868,0.6893280522961968,0.7281065404905839,Q294K,O2,260.0,0.09405497848519984,0.04232001582995282,0.05254800891892408
5000.0,IND,-1.8557663559485054,-1.759526801543148,-3.00159197000941,0.9560113080159659,0.8585494841839304,0.8648027187671891,Q294K,O2,260.0,0.13669674079134564,0.061772402960490025,0.09213153017363651
0.0,IND,-7.317386170867946,-2.828844882485366,-7.723950821922638,0.99999828382615,0.9660593783213388,0.9993365452104438,Q294K,O3,260.0,0.10844919304636136,0.02988036672623684,0.061028372873977554
0.1,IND,-4.47387455562974,-2.3274151969090044,-7.612312365316693,0.9999995919367859,0.943723173739908,0.9887255150949253,Q294K,O3,260.0,0.19921075723802484,0.054252494664473905,0.09922732632287701
5.0,IND,-2.9110754919823125,-1.9960197785471603,-7.160025374319757,0.9999995403578793,0.9256663497077536,0.9483912302091417,Q294K,O3,260.0,0.248618516915746,0.06893748661520405,0.11306011520005
10.0,IND,-2.9068190135996987,-2.633541903607346,-7.583333975147651,0.9999969231248521,0.9566691870025235,0.9481824975125644,Q294K,O3,260.0,0.13972725485577964,0.0380947646634312,0.12402215322234422
25.0,IND,-2.644252778453807,-1.9133424552825176,-4.681335614743091,0.9999443591544984,0.9029425464720613,0.9336558788136115,Q294K,O3,260.0,0.13827530869575155,0.040390653517824227,0.05688429363522052
50.0,IND,-6.4559380965345285,-2.472415816149844,-6.545956117648772,0.9999998521711589,0.9475107479464631,0.9984313000002045,Q294K,O3,260.0,0.11066847722740292,0.03262496857253849,0.06424673375704515
75.0,IND,-4.280391188120002,-2.4688842391071697,-6.611906362238717,0.999993189780033,0.9449482602314048,0.9863516081234804,Q294K,O3,260.0,0.11295397106426575,0.03291235450115049,0.08178778324316716
100.0,IND,-3.781100493866638,-2.1698981810697964,-5.807013654941797,0.9999975777956325,0.9285919151316835,0.9777105565624895,Q294K,O3,260.0,0.12698267219405213,0.038113996659283944,0.05741763119668086
250.0,IND,-3.3518199340841774,-2.063573765688472,-6.201184492653804,0.9999981440177786,0.9186747316978235,0.9661643813878377,Q294K,O3,260.0,0.16093028946446108,0.04742688298878772,0.07631317906906032
500.0,IND,-3.530340045629924,2.352304118980499,-4.7590381030970255,0.9999980730435943,0.16844265915904444,0.9715388164685904,Q294K,O3,260.0,0.9283507333136453,0.0003797436305207347,0.23311262691759105
1000.0,IND,-4.546088704087771,-2.0875619664187903,-6.994406500177248,0.9999999406436417,0.9318804329348214,0.9895027445776028,Q294K,O3,260.0,0.2025510130108008,0.05712961617257617,0.09390229786983806
5000.0,IND,-3.9972850327028957,-1.7114046778422736,-6.319814784869827,0.9999851724117766,0.9030745984287083,0.981965773560812,Q294K,O3,260.0,0.2152762268524009,0.06055374203102948,0.13126379816355982
0.0,IND,3.6422246289621243,4.187667919764001,3.0252891841083773,0.04352982499998581,0.01289949662100287,0.025525394780432475,Q294R,O1,260.0,0.03304765343396632,0.00719110133341605,0.010824966181960827
0.1,IND,3.54993021653551,4.096654347256497,2.7579824753104174,0.05213277611241085,0.012505555643893329,0.027924467972326394,Q294R,O1,260.0,0.042393831014129635,0.008588890636162083,0.027865079570023932
5.0,IND,3.52162316312537,4.3256116179190025,3.1102191800958687,0.03860827873936368,0.009961120180883687,0.028703208584487716,Q294R,O1,260.0,0.030425021783326178,0.006453029996064563,0.013867823399061341
10.0,IND,3.158542589879076,3.673885344249707,2.827082732727645,0.053156581945410286,0.023152638721479102,0.04075599281551234,Q294R,O1,260.0,0.03212529748616266,0.0069271960762993245,0.011933139169856166
25.0,IND,3.3100587309268397,3.6946627283490305,2.8418117925693327,0.053256634048786,0.02313932952098341,0.03522772307924604,Q294R,O1,260.0,0.03296642096007241,0.006997522675899814,0.009522450757637024
50.0,IND,3.295193663199032,3.765366227999407,2.8877922525859843,0.04981702199201321,0.02085428280224988,0.03573644344750204,Q294R,O1,260.0,0.030804173995284345,0.006444398419075625,0.01033364751144894
75.0,IND,3.41977225430265,3.698319822738247,2.9453262225993084,0.04764241029075833,0.02236874620106022,0.03168321473264113,Q294R,O1,260.0,0.027365127034761128,0.005743599813309519,0.0159815317148867
100.0,IND,3.659722435832482,4.146014196585569,2.870991174956766,0.04822786672794688,0.012565253111385677,0.025093751603596726,Q294R,O1,260.0,0.038247172955831465,0.00819907623778815,0.03506535157956536
250.0,IND,3.001852980736178,3.4691972185230853,2.595347398297275,0.06745863100866378,0.02905745639324131,0.04734223186383002,Q294R,O1,260.0,0.04184904626960417,0.00844508013268419,0.017842741130907336
500.0,IND,3.565757152143321,3.9383804834415796,2.5617901091434367,0.06331048444070475,0.014644547055200796,0.027498045598849608,Q294R,O1,260.0,0.053078212102202316,0.011205765051369942,0.02363946895012714
1000.0,IND,3.62024877269883,4.363231252985754,2.7348667133082043,0.05260021857679176,0.008577707043500693,0.02607775614535246,Q294R,O1,260.0,0.04771237326962707,0.010039690310150728,0.01724889657185802
5000.0,IND,2.7446458547523482,4.049925950811982,2.239923311005468,0.0849149006734734,0.01276206868932206,0.06038974536509323,Q294R,O1,260.0,0.0807750433901091,0.017544973510299378,0.032586407036582665
0.0,IND,1.6883646117266564,1.8771781458670367,1.5560210214522794,0.17421834616082177,0.1327133338819637,0.1559910306817981,Q294R,O2,260.0,0.041595309922848656,0.00567949938866108,0.018977177074494866
0.1,IND,2.118643288939936,1.8992440678440292,1.4331694271785624,0.19164873219653267,0.12933855192885646,0.1072979539755583,Q294R,O2,260.0,0.06608618128500832,0.009879776576135813,0.05681456165136323
5.0,IND,1.6511813218358833,1.706964486841162,1.6003991464021772,0.1679258360441408,0.15355785041328163,0.16094935446744763,Q294R,O2,260.0,0.01470274732917165,0.002307810067611271,0.011757354255915176
10.0,IND,1.679886833786723,1.8412845059779406,1.5400996231576585,0.1763835037316156,0.13677579773934212,0.15711045453886274,Q294R,O2,260.0,0.04303767410292647,0.006335600482576753,0.03846721513594886
25.0,IND,1.43697854514832,1.6932639364458915,1.3149498852546384,0.21165972801184285,0.1553470828308421,0.19201367426691074,Q294R,O2,260.0,0.05710682922026156,0.008419711174700861,0.040841623891169854
50.0,IND,1.5143932338667503,1.5854527204584883,1.4206324550310105,0.19456245374229386,0.17002462947565278,0.18028862851737648,Q294R,O2,260.0,0.02526226751065619,0.0036354749143618914,0.02214505761239438
75.0,IND,1.3257508687879314,1.6536703599063642,1.249156074266003,0.2211233923087459,0.15903565258554597,0.20986308995557457,Q294R,O2,260.0,0.06488006212735886,0.009762836476111536,0.024468202384894222
100.0,IND,1.515981035531257,1.8630187886989864,1.3450659619805392,0.20226547717428833,0.13096763900859332,0.18005409492916513,Q294R,O2,260.0,0.07565649127739393,0.011836519128716527,0.032241334696443524
250.0,IND,1.4932519772938901,1.8000252607898823,1.142273505270142,0.23902282788791596,0.13954927316867105,0.1834341250564292,Q294R,O2,260.0,0.100756256859597,0.01497613997849312,0.03197724617202591
500.0,IND,1.5647801471952842,1.6680995322674932,1.471214052539586,0.18608347077326926,0.15806242150277572,0.17296179670226808,Q294R,O2,260.0,0.029365208452893476,0.004548780298333277,0.01181847163687133
1000.0,IND,1.5434156023493986,1.8634198328253162,1.2557049802940008,0.21974837110147782,0.13273419761447813,0.1760392951672325,Q294R,O2,260.0,0.09007676633422401,0.01393249990724299,0.02989553738177808
5000.0,IND,1.3767372301034,1.6934414619255458,1.1097209817449531,0.24785479169338787,0.15526737187717632,0.2015335261231488,Q294R,O2,260.0,0.09839783818477488,0.014842898437554375,0.02411243635467808
0.0,IND,-3.245836166289532,-1.7245795645887996,-3.9797657851484662,0.9924109418644675,0.8718710704310774,0.9625232025747855,Q294R,O3,260.0,0.1463372179011284,0.04284536616799184,0.0569805320847393
0.1,IND,-6.929545351340242,-2.747492600443534,-7.588456684135866,0.9999995629261592,0.9620985918033016,0.9990225108037453,Q294R,O3,260.0,0.11565426888960229,0.03204380999425238,0.06498216244345556
5.0,IND,-3.439340774579315,-2.101905587121816,-6.141945704835101,0.9999998067153915,0.925269449871738,0.968911664887759,Q294R,O3,260.0,0.14737272888219277,0.043160094124651494,0.0707152645930268
10.0,IND,-2.748426476876157,-2.3461247806523624,-6.1693905737218,0.9999933667688424,0.9374939891880636,0.9398244216101037,Q294R,O3,260.0,0.11625443738524632,0.034569394708444334,0.08835366785086729
25.0,IND,-2.220129806937361,-1.771632492857523,-3.3196231331359,0.9739385857375125,0.8692184389469337,0.9020426662619984,Q294R,O3,260.0,0.12157406660155379,0.03553263722522626,0.06630850159211177
50.0,IND,-4.88904534432179,-1.883595035677896,-4.272342568783691,0.9949493684515205,0.894207243626074,0.9925276501081157,Q294R,O3,260.0,0.13620709172713685,0.03965802763473736,0.07108552579595062
75.0,IND,-3.027268996392968,-1.6716409691985765,-3.4315053516117064,0.9772443203778503,0.8592028339392541,0.9537909564033168,Q294R,O3,260.0,0.135176871937005,0.038943980581790494,0.05176915691098116
100.0,IND,-2.233819211104635,-1.9295262165081526,-4.48486088747594,0.9999955101316194,0.9025077974170301,0.9032456455578504,Q294R,O3,260.0,0.13512351204899853,0.04002776365906324,0.0909102433129233
250.0,IND,-2.1625457735175275,-1.5061956167310708,-3.686100144331386,0.987431214183536,0.8471781979394198,0.8968353259641535,Q294R,O3,260.0,0.1734174361185321,0.05150804309496315,0.05792939569478628
500.0,IND,-2.7976553400669055,2.3129337837265513,-4.5082513670297395,0.9999859320551507,0.16998542711540698,0.9425489915140863,Q294R,O3,260.0,0.9278615080106164,0.0007487215373688239,0.007218590318475493
1000.0,IND,-1.4951440366523954,-1.0275796380344093,-2.696152998002528,0.947773450935745,0.7580519495915456,0.8168491093042801,Q294R,O3,260.0,0.21707572594524527,0.06196602354261582,0.13454441072488887
5000.0,IND,-3.717870908743768,-2.0896069984490455,-5.445876331233994,0.9999980405778564,0.9148852605259061,0.9762901883160626,Q294R,O3,260.0,0.1404447083605913,0.04246458398757891,0.11842045528336287
0.0,IND,5.6052899168758605,7.341002269746915,2.011537577725573,0.07668946338056648,4.0270558840926896e-06,0.0036648732716029198,Q294V,O1,260.0,0.18745652193471862,0.02616490214416367,0.03444586378127734
0.1,IND,4.123500441040786,7.760435280694495,2.338666152787335,0.05124478453032244,1.3596694536932574e-07,0.01592988192343303,Q294V,O1,260.0,0.12959385199747575,0.017343157902608652,0.03783152763179509
5.0,IND,4.0250811529848285,7.654531640069642,2.2953670056553843,0.05096092443468225,1.3501454659836654e-06,0.017548523266117555,Q294V,O1,260.0,0.12004537583142161,0.016967455137568144,0.04028508895701288
10.0,IND,5.522867728688904,7.067493980173627,1.6386715482556509,0.09825723708045253,8.407555084355423e-07,0.003978485144656152,Q294V,O1,260.0,0.23947385768771423,0.03189592247163131,0.061635712625804695
25.0,IND,5.915092105830451,7.583188470451295,2.4166245735088063,0.05187713660406956,1.031355691960556e-07,0.002691149420131933,Q294V,O1,260.0,0.11984883488706721,0.016609199159758448,0.09528266313442368
50.0,IND,4.154781344299659,7.909089815195566,3.6886529670108152,0.015027854432464238,9.56344790914443e-07,0.015446871900740566,Q294V,O1,260.0,0.027974057721848133,0.004329394091964089,0.012282938530475462
75.0,IND,5.289907755138529,6.422520291263969,2.65346603598061,0.04348137607570057,1.5501234763570793e-06,0.0050169288716448435,Q294V,O1,260.0,0.0717581796578517,0.011761684455561361,0.020905250209447446
100.0,IND,3.018214468796087,6.562614538257701,2.2994723853351537,0.06120877565989202,1.0268550252212627e-05,0.04660975447262883,Q294V,O1,260.0,0.11426039142591582,0.01830705217659434,0.07909340280483723
250.0,IND,2.3984323783401917,2.9945136999828965,2.091354897605083,0.10304273848181167,0.043487151187387774,0.08329231361872869,Q294V,O1,260.0,0.06157224521574822,0.009489755910975783,0.023037460172484314
500.0,IND,1.9088758321267287,2.165473500758998,1.1676162679618534,0.2290484687402744,0.09628176601684457,0.12910719923657288,Q294V,O1,260.0,0.13704840006273,0.02149523728476954,0.0571433758580725
1000.0,IND,1.2784156827634687,1.2592111287900272,0.3488159317207641,0.4019677421293536,0.21215178813861535,0.2178200301009593,Q294V,O1,260.0,0.2016135230611542,0.031988796089052585,0.07961969498171928
5000.0,IND,-0.35293214226287906,-0.05246786520611981,-0.6560085027053973,0.6626556770702324,0.5176230148983756,0.5873284347289675,Q294V,O1,260.0,0.15153339632437746,0.022142024490895196,0.0301144782916688
0.0,IND,3.375556832213885,5.814925916887142,2.238597692103698,0.06735752080324442,1.7699209855503995e-06,0.03306816923500333,Q294V,O2,260.0,0.1074074088030138,0.01785280977448689,0.029798315293800393
0.1,IND,4.050141780229235,6.440282384982352,2.9733269895056362,0.03160862082860472,7.490554314593112e-07,0.017121647204294876,Q294V,O2,260.0,0.04986589198794933,0.00852465407442482,0.024188582408692372
5.0,IND,4.869450008974471,5.237473853035204,2.910924996926516,0.039340855549364284,0.0011827299545554837,0.00761909050256826,Q294V,O2,260.0,0.04593904778264757,0.007599011776216913,0.036730694283835796
10.0,IND,3.8241286148090614,4.574150530549738,3.405115539768758,0.029585101474211006,0.008835364362200115,0.021370772766900026,Q294V,O2,260.0,0.022143166501884748,0.003476189892115178,0.008268025012947544
25.0,IND,3.1741148252167286,4.518110999497295,1.8705035954056506,0.09581908572051134,6.934803237113041e-05,0.04015153216866607,Q294V,O2,260.0,0.12214842833943729,0.02108828404023666,0.04536701838762747
50.0,IND,2.955289604076808,3.8761795973040396,1.1303859360166575,0.19032824159448125,0.0033390498488777842,0.049487104704448615,Q294V,O2,260.0,0.2435070731534269,0.04152053557369584,0.07560711340711979
75.0,IND,2.240805569232175,3.6343082087220093,0.6392217384748403,0.2738682682864003,2.4887436155696108e-05,0.0961455137140238,Q294V,O2,260.0,0.35137089662345367,0.06044909819170741,0.2878571170635337
100.0,IND,1.0802283744208871,3.2825633001970966,0.4676297617310933,0.30199054799195235,0.0016398782516604538,0.25346280135627597,Q294V,O2,260.0,0.357766341831544,0.06066794036964862,0.1521564057677952
250.0,IND,0.4695645511137995,1.9886753459042612,-0.7557962870138433,0.6261009096648715,0.08758963909971718,0.3847193136972693,Q294V,O2,260.0,0.5834015150865848,0.09737965646952751,0.17694734058688166
500.0,IND,0.16109502504057138,0.7583549339560435,-1.261593647199248,0.7896174442007068,0.33064647659545554,0.45981311569169536,Q294V,O2,260.0,0.4863417531117029,0.07833437728741632,0.22038280462664406
1000.0,IND,-1.259459142481371,0.6349880441639671,-2.6272574566271665,0.9832680020620536,0.4331004749520937,0.7789329881191882,Q294V,O2,260.0,0.6225873262109478,0.11228015702746996,0.49691111871305305
5000.0,IND,-2.9164529781628556,-0.4824820992261115,-3.7624420053495684,0.99997866258844,0.7173907853280617,0.9486537991649833,Q294V,O2,260.0,0.37824377818292554,0.06195666985904891,0.3118979194542265
0.0,IND,-0.9990580842467247,0.07684108983205098,-2.234334010076466,0.9399845884097725,0.5353052792057403,0.73087334645299,Q294V,O3,260.0,0.4296226352091874,0.06939572284701179,0.14328904925642394
0.1,IND,-0.10643625525046443,0.7872517706589677,-0.9659052281440923,0.7340735010199266,0.3227961158899495,0.5265839717820087,Q294V,O3,260.0,0.41689649282898933,0.06688130691999028,0.14383530868178174
5.0,IND,-0.6699264394649385,0.4764409468143989,-1.2504540488825442,0.7791256250526818,0.38504907404483646,0.6614866875728365,Q294V,O3,260.0,0.4158910963961878,0.06501924431110118,0.3032683700380462
10.0,IND,-0.6970356059031838,0.15882009033094238,-1.3836252980614179,0.8018057324774238,0.46311601008639514,0.6675302004682249,Q294V,O3,260.0,0.35368404995490044,0.05251915774660687,0.15078435738484242
25.0,IND,-0.310412704108527,0.3249018522502571,-1.8962361333585922,0.8953941681251539,0.4532183133655554,0.5769859943256975,Q294V,O3,260.0,0.4758797743076214,0.07803254942811655,0.18085675158525671
50.0,IND,-1.170001367219825,0.37634368932725454,-2.337780709065268,0.9508591282428854,0.46542157239130477,0.7631452628581767,Q294V,O3,260.0,0.5472827547725463,0.10160709554257863,0.16000885544877153
75.0,IND,-1.0318871015400901,-0.14426542319068858,-2.309105619089333,0.9350962744814414,0.5829776144817598,0.7372815862257242,Q294V,O3,260.0,0.3836980447959548,0.05933667893424266,0.11923816690349764
100.0,IND,-1.588541881903626,-0.7988312733132511,-2.528200841160701,0.9402604748865936,0.715793331270234,0.830410857159707,Q294V,O3,260.0,0.2377440881150632,0.03547681174895967,0.1438294279935326
250.0,IND,-1.5531259664462724,-0.7271507696737507,-3.297203899837411,0.9862292664883329,0.72488092672245,0.825364760041945,Q294V,O3,260.0,0.32273086555711783,0.049531906240951606,0.07419253797293757
500.0,IND,-1.270187259031493,-0.6463719783600655,-2.159110066579188,0.9061439809253405,0.6731388131758743,0.7807748018851011,Q294V,O3,260.0,0.24601512258894176,0.03691037948802611,0.08739241816437504
1000.0,IND,-1.1647184671455781,-0.3984903854163728,-2.345327143163088,0.94078073666189,0.6444475935206238,0.7621890274175677,Q294V,O3,260.0,0.32000089014618505,0.05280801879071506,0.09295528116847562
5000.0,IND,-1.0315928651992476,-0.27366379307532074,-2.6920552017249526,0.9559274537419878,0.6038258220732826,0.7372245894182203,Q294V,O3,260.0,0.4011658546545649,0.06437059240981813,0.20152706566767598
0.0,WT,4.545698592761976,4.831101553614319,3.9097211976201276,0.01892212316291675,0.007524958486404887,0.010501308307224955,wt,O2,260.0,0.018792112625700463,0.010295375981713817,0.01639707315342287
0.1,WT,4.498672364203898,4.650598159251628,3.8262050262308946,0.02040202325228324,0.008719329810670251,0.011001378396170658,wt,O2,260.0,0.018969287467660467,0.01042268324763218,0.013828866127742478
5.0,WT,3.443328135063289,3.595761597662782,3.170241593150039,0.040019029858820776,0.026495806436783176,0.03096845274100757,wt,O2,260.0,0.022358463245109372,0.01209775634541621,0.016908024514005415
10.0,WT,2.5979658474178713,2.8276772844915645,2.4188064369784703,0.08142472389385702,0.05556083882222751,0.06926944973778171,wt,O2,260.0,0.04143714301943047,0.0223134146843722,0.041063731849036555
25.0,WT,1.4692602484835529,1.7659778539744344,1.2921478936294148,0.21505045369403675,0.14570997438025024,0.18705507859378345,wt,O2,260.0,0.1134941242372629,0.0619121979072671,0.08805700391692173
50.0,WT,0.6434656763031229,0.7748765841441024,0.3825426432206066,0.40293391767052755,0.3129295372183394,0.34446353925632933,wt,O2,260.0,0.144525136931146,0.07743649736088021,0.11947967401059478
75.0,WT,0.17205046896018789,0.26011774990722203,-0.25821956973451315,0.5641985723503246,0.4353347628819747,0.4570931722973507,wt,O2,260.0,0.2042216243598648,0.10872747625224854,0.1458595628094982
100.0,WT,-0.319731761836314,-0.012091232448567147,-0.5035367664700624,0.6232901237608849,0.5030227712853298,0.5792588790621416,wt,O2,260.0,0.18892583369110638,0.10325240135471159,0.13566040599342244
250.0,WT,-1.0954248904296902,-0.9652125937102592,-1.5447953995329724,0.8273745465770976,0.7275364700889554,0.7494018867303788,wt,O2,260.0,0.1589395981740278,0.08659805810305166,0.10703336051447188
500.0,WT,-1.6757037399926888,-1.4767707835490413,-2.2512199112442075,0.906928509994055,0.8170120724846307,0.8423347970163608,wt,O2,260.0,0.1451380536421153,0.07924929290006111,0.08657040941106142
1000.0,WT,-2.020176666946123,-1.930540101003326,-2.771872047524897,0.9436571831671471,0.8764512468912008,0.882899275627615,wt,O2,260.0,0.10889710841749223,0.059523758660451453,0.08379854896329064
5000.0,WT,-2.194820624910715,-1.9350302261697194,-3.1480533190963875,0.9629870669382107,0.880019811732396,0.8997834361423135,wt,O2,260.0,0.13290004561499325,0.07247930333297126,0.09947752391959419
0.0,WT,-0.5021086919147463,1.2445568851930875,-1.976346768497453,0.933052320958719,0.30768387291346166,0.6229547535137225,wt,O3,260.0,0.6676200277604496,0.002042285322029991,0.008943760758612918
0.1,WT,-0.36988427201877117,1.8936366926830057,-2.7807195752274008,0.9999930070704596,0.24457633383604604,0.591431014176542,wt,O3,260.0,0.8273913133179777,0.03161899419274716,0.05960436726631102
5.0,WT,-0.6700363883171306,1.7267134969702214,-4.291026936751639,0.9999909144217808,0.2596841714704221,0.6615113071080341,wt,O3,260.0,0.9117712651614591,0.10364522705745682,0.39237389749062357
10.0,WT,-2.4616373829287093,1.2677039202246647,-3.9404298983499118,0.9998376883357822,0.3488654903863976,0.9214083158104575,wt,O3,260.0,0.8340247163940315,0.03652094521040827,0.09479872910795906
25.0,WT,-3.6589095552389943,1.2827530146612383,-5.300145236803397,0.9999981344484887,0.34366957091873773,0.9748863543618266,wt,O3,260.0,0.8920321462362636,0.05318247187055036,0.10736357483807724
50.0,WT,-3.860937323346153,1.4194679592999493,-5.4775102370834885,0.9999989223888825,0.32580607092270086,0.9793856352866818,wt,O3,260.0,0.9074466298322799,0.057434073952084,0.14784383703787107
75.0,WT,-4.416134931310047,1.2362327168631815,-5.579732683042179,0.9999980573547109,0.3514394785959024,0.9880633690507219,wt,O3,260.0,0.8871503114165699,0.043825002912785016,0.14390753740536022
100.0,WT,-3.2160309846095294,1.3839064290372458,-5.310341930074278,0.9999924592714259,0.35190482589286953,0.9614331146993258,wt,O3,260.0,0.8820180033668372,0.04206367107769726,0.1223952967849461
250.0,WT,-1.4021302249990104,1.1915999494678866,-5.409073461704322,0.9999902130282455,0.3558092813511027,0.8025217055070294,wt,O3,260.0,0.8951104252445805,0.043282146408380795,0.69164306961117
500.0,WT,0.8079975640181648,2.068434531657058,-4.764566853047289,0.9999696635852083,0.17843395080921653,0.30831736673698396,wt,O3,260.0,0.9279279845563034,0.0008739159409791863,0.8632949547873067
1000.0,WT,-1.5852864997836724,1.2349914548633372,-5.540453233629886,0.9999988403143727,0.36214088606455797,0.8299519127986665,wt,O3,260.0,0.8909875267342406,0.0377397009920476,0.5766000999955366
5000.0,WT,-2.826313846644973,1.429442675534777,-5.120049336441957,0.9999854723205917,0.3150542191952769,0.9440813217230497,wt,O3,260.0,0.9224200422941091,0.077925517837094,0.21136837092340344
