IPTGuM,class,operator,repressors,mutant,mean,sem
0.0,DBL,O2,260.0,Q21A-F164T,0.3738340745077609,0.047847398277380694
0.0,DBL,O2,260.0,Q21A-Q294K,0.8274571482890194,0.07432536835840212
0.0,DBL,O2,260.0,Q21A-Q294V,0.32145872407958725,0.044568873379756624
0.0,DBL,O2,260.0,Q21M-F164T,-0.005372652831726663,0.04745347447884106
0.0,DBL,O2,260.0,Q21M-Q294K,0.08048055758437743,0.04553615882529883
0.0,DBL,O2,260.0,Q21M-Q294V,0.002147135864727914,0.04712388639071536
0.0,DBL,O2,260.0,Y20I-F164T,0.6094963570183395,0.06255175182573186
0.0,DBL,O2,260.0,Y20I-Q294K,1.1070641957793848,0.10453388484460843
0.0,DBL,O2,260.0,Y20I-Q294V,0.4565107008032346,0.06364123034320435
0.0,DNA,O2,60.0,Q21A,0.8059885207312331,0.028259635121705
0.0,DNA,O2,60.0,Q21M,0.01009812328895564,0.009185544635201583
0.0,DNA,O2,60.0,Y20I,0.9019816884227906,0.11477033906329265
0.0,DNA,O2,124.0,Q21A,0.6233115295016866,0.021349138160183634
0.0,DNA,O2,124.0,Q21M,0.023390372792011994,0.007910708397804313
0.0,DNA,O2,124.0,Y20I,0.7263416419578388,0.033129610585383294
0.0,DNA,O2,260.0,Q21A,0.29004052955561327,0.021501034511915772
0.0,DNA,O2,260.0,Q21M,0.013817861613480274,0.006135792219665197
0.0,DNA,O2,260.0,Y20I,0.446635475678488,0.013094358240862037
0.0,DNA,O2,1220.0,Q21A,0.11748931910504463,0.01708808335890752
0.0,DNA,O2,1220.0,Q21M,-0.0046220217435026315,0.012128783276249427
0.0,DNA,O2,1220.0,Y20I,0.15852577276096252,0.010219733572398892
0.0,IND,O1,260.0,Q294K,0.10451991911212807,0.005576898845917919
0.0,IND,O1,260.0,Q294R,0.028717607417336283,0.00515099728179888
0.0,IND,O2,260.0,F164T,0.03714519542833746,0.017032998162781178
0.0,IND,O2,260.0,Q294K,0.23273701114283954,0.012877503675022155
0.0,IND,O2,260.0,Q294R,0.15313769333374216,0.005363690593197253
0.0,IND,O2,260.0,Q294V,0.021264647746019306,0.01539832007913676
0.0,IND,O3,260.0,Q294K,1.0282827498509466,0.013178028475474439
0.0,IND,O3,260.0,Q294R,0.9319439790949076,0.025380869815604667
0.0,WT,O2,260.0,wt,0.013741086578781297,0.002566188630563748
0.0,WT,O3,260.0,wt,0.6210689980589803,0.005044621770068591
0.1,DBL,O2,260.0,Q21A-F164T,0.4345380667157377,0.03920589898353439
0.1,DBL,O2,260.0,Q21A-Q294K,0.8741905229243369,0.06044623741146959
0.1,DBL,O2,260.0,Q21A-Q294V,0.38597743649346195,0.03112192675604749
0.1,DBL,O2,260.0,Q21M-F164T,0.005944987692898159,0.011176736506670538
0.1,DBL,O2,260.0,Q21M-Q294K,0.08330087342781987,0.0042036635996478685
0.1,DBL,O2,260.0,Q21M-Q294V,0.020597265027866952,0.009079442612247883
0.1,DBL,O2,260.0,Y20I-F164T,0.6713538005435684,0.046780667045452695
0.1,DBL,O2,260.0,Y20I-Q294K,1.0411833714048422,0.0983769221718214
0.1,DBL,O2,260.0,Y20I-Q294V,0.5482169265122934,0.11499236841272353
0.1,DNA,O2,60.0,Q21A,0.8035715764647827,0.021929327885065828
0.1,DNA,O2,60.0,Q21M,0.019216918741693727,0.007795793544999168
0.1,DNA,O2,60.0,Y20I,0.8108909231084386,0.031053979778149537
0.1,DNA,O2,124.0,Q21A,0.6223797303235898,0.020921258703936
0.1,DNA,O2,124.0,Q21M,0.0084891256233706,0.0025959125839399833
0.1,DNA,O2,124.0,Y20I,0.6818301842200515,0.019262548880976102
0.1,DNA,O2,260.0,Q21A,0.2761561735558606,0.0319152605935058
0.1,DNA,O2,260.0,Q21M,0.0043559503985987555,0.0010620624277653016
0.1,DNA,O2,260.0,Y20I,0.39707389055140757,0.05290158547579966
0.1,DNA,O2,1220.0,Q21A,0.11512160927666103,0.007383286105042583
0.1,DNA,O2,1220.0,Q21M,-0.007854327111716148,0.012583465284318565
0.1,DNA,O2,1220.0,Y20I,0.14581610459118535,0.02782999195115853
0.1,IND,O1,260.0,Q294K,0.10832029565333293,0.004690349773152906
0.1,IND,O1,260.0,Q294R,0.0331520060934779,0.006447098858902932
0.1,IND,O2,260.0,F164T,0.031081112003960513,0.011085260762256376
0.1,IND,O2,260.0,Q294K,0.27233419259950864,0.009468066272417882
0.1,IND,O2,260.0,Q294R,0.15990772070289605,0.008601026859744778
0.1,IND,O2,260.0,Q294V,0.010148778434896599,0.007319704799287302
0.1,IND,O3,260.0,Q294K,1.0683784246543713,0.016152008539652433
0.1,IND,O3,260.0,Q294R,1.0252161798674477,0.015503886914310039
0.1,WT,O2,260.0,wt,0.014148519582801842,0.0026150307864803673
0.1,WT,O3,260.0,wt,0.6445527853824952,0.0570208663805184
5.0,DBL,O2,260.0,Q21A-F164T,0.5030081992414379,0.028812794079599115
5.0,DBL,O2,260.0,Q21A-Q294K,0.8210208894842965,0.02162299920272396
5.0,DBL,O2,260.0,Q21A-Q294V,0.3546901708274647,0.02056373011995541
5.0,DBL,O2,260.0,Q21M-F164T,0.011282290041030348,0.011365308542812303
5.0,DBL,O2,260.0,Q21M-Q294K,0.08180112494236329,0.007638895601929658
5.0,DBL,O2,260.0,Q21M-Q294V,0.007720921367187171,0.009286064617916423
5.0,DBL,O2,260.0,Y20I-F164T,0.7882798986748408,0.05135880905747705
5.0,DBL,O2,260.0,Y20I-Q294K,0.9890893714379869,0.0697727705495395
5.0,DBL,O2,260.0,Y20I-Q294V,0.5553479153575485,0.05658688701449241
5.0,DNA,O2,60.0,Q21A,0.9018506811284026,0.034563724175755345
5.0,DNA,O2,60.0,Q21M,0.033717978865731066,0.005026489484560596
5.0,DNA,O2,60.0,Y20I,0.9528397272947806,0.009036886172764776
5.0,DNA,O2,124.0,Q21A,0.7155504244354102,0.020177704252735296
5.0,DNA,O2,124.0,Q21M,0.017476469581374488,0.0047317376993887715
5.0,DNA,O2,124.0,Y20I,0.9331195136211591,0.07005919599202039
5.0,DNA,O2,260.0,Q21A,0.4075398673029194,0.0345547839692908
5.0,DNA,O2,260.0,Q21M,0.010874579021461784,0.004066548073288505
5.0,DNA,O2,260.0,Y20I,0.6935251752638987,0.09791879536016618
5.0,DNA,O2,1220.0,Q21A,0.17460667700172217,0.00802644566533928
5.0,DNA,O2,1220.0,Q21M,0.0010452542610165823,0.01470171586797593
5.0,DNA,O2,1220.0,Y20I,0.33905598546587623,0.07520795201182855
5.0,IND,O1,260.0,Q294K,0.1058874031847004,0.0046195253717240484
5.0,IND,O1,260.0,Q294R,0.025528366748769668,0.004830906602040557
5.0,IND,O2,260.0,F164T,0.06376601660347486,0.014484811931946022
5.0,IND,O2,260.0,Q294K,0.2784189346015811,0.013510476255519733
5.0,IND,O2,260.0,Q294R,0.16106015952491298,0.0020045991256012322
5.0,IND,O2,260.0,Q294V,0.01968376663578947,0.006554214463336916
5.0,IND,O3,260.0,Q294K,1.07029121855498,0.028084696158609035
5.0,IND,O3,260.0,Q294R,0.9865176530261238,0.02568079947354636
5.0,WT,O2,260.0,wt,0.03309503518776997,0.0030038130429817216
5.0,WT,O3,260.0,wt,0.8878708035229479,0.17659787091269558
10.0,DBL,O2,260.0,Q21A-F164T,0.5773598307180802,0.029811075547927425
10.0,DBL,O2,260.0,Q21A-Q294K,0.8318428321461641,0.016790240098983215
10.0,DBL,O2,260.0,Q21A-Q294V,0.3710920000098767,0.015767278807121476
10.0,DBL,O2,260.0,Q21M-F164T,0.018941300044163313,0.010649977850893168
10.0,DBL,O2,260.0,Q21M-Q294K,0.08558253039462278,0.009571595921143974
10.0,DBL,O2,260.0,Q21M-Q294V,0.010334311700869634,0.007054569680651026
10.0,DBL,O2,260.0,Y20I-F164T,0.8792622478226628,0.037088316941915084
10.0,DBL,O2,260.0,Y20I-Q294K,0.9204624062066887,0.06828363777313147
10.0,DBL,O2,260.0,Y20I-Q294V,0.5799798292030517,0.048438918456265495
10.0,DNA,O2,60.0,Q21A,0.8918785377803466,0.02824330018801111
10.0,DNA,O2,60.0,Q21M,0.07114892061524361,0.007320540828049388
10.0,DNA,O2,60.0,Y20I,0.9383382597130566,0.019097213121073247
10.0,DNA,O2,124.0,Q21A,0.7751188179694787,0.026916284822616526
10.0,DNA,O2,124.0,Q21M,0.03970746727332316,0.004239416214995596
10.0,DNA,O2,124.0,Y20I,0.9046037728837311,0.02543317006740876
10.0,DNA,O2,260.0,Q21A,0.4891620321894136,0.040993870720052575
10.0,DNA,O2,260.0,Q21M,0.02418138929305056,0.0030114028505140644
10.0,DNA,O2,260.0,Y20I,0.7626311899011715,0.05316935691794944
10.0,DNA,O2,1220.0,Q21A,0.2550945086011868,0.014303984928728556
10.0,DNA,O2,1220.0,Q21M,0.006420134263652643,0.003793143722653382
10.0,DNA,O2,1220.0,Y20I,0.45117097100206693,0.07603548519877706
10.0,IND,O1,260.0,Q294K,0.10910397815483419,0.004874344868931026
10.0,IND,O1,260.0,Q294R,0.037763974715964224,0.004989067406085525
10.0,IND,O2,260.0,F164T,0.11693729989394183,0.021380739814209397
10.0,IND,O2,260.0,Q294K,0.30865579665369736,0.010755485494596116
10.0,IND,O2,260.0,Q294R,0.15661885278872884,0.005421671532567976
10.0,IND,O2,260.0,Q294V,0.01899670230848079,0.0030248751918830743
10.0,IND,O3,260.0,Q294K,1.036470709730035,0.01641431279108287
10.0,IND,O3,260.0,Q294R,0.985952468775209,0.020524747288174265
10.0,WT,O2,260.0,wt,0.06635946528882994,0.005818835449103316
10.0,WT,O3,260.0,wt,0.8591626280328026,0.06755879215761089
25.0,DBL,O2,260.0,Q21A-F164T,0.7819630313229994,0.0312511574665441
25.0,DBL,O2,260.0,Q21A-Q294K,0.8527088425594275,0.01819622690322698
25.0,DBL,O2,260.0,Q21A-Q294V,0.4210510205858641,0.035525142403039285
25.0,DBL,O2,260.0,Q21M-F164T,0.08961191344274094,0.01632128534076302
25.0,DBL,O2,260.0,Q21M-Q294K,0.10105451565973389,0.0048263159425093825
25.0,DBL,O2,260.0,Q21M-Q294V,0.02260793272084546,0.007029790698030004
25.0,DBL,O2,260.0,Y20I-F164T,0.9813432909632299,0.06079182058137697
25.0,DBL,O2,260.0,Y20I-Q294K,0.9808020117821145,0.05589596762213395
25.0,DBL,O2,260.0,Y20I-Q294V,0.7044078263664979,0.06953311693577219
25.0,DNA,O2,60.0,Q21A,0.9228342637724114,0.020133166773178793
25.0,DNA,O2,60.0,Q21M,0.20940600934142287,0.027149973228770143
25.0,DNA,O2,60.0,Y20I,0.9823403111069462,0.012137358400705673
25.0,DNA,O2,124.0,Q21A,0.8620429127275155,0.04016228391818141
25.0,DNA,O2,124.0,Q21M,0.15057718821680802,0.02531395453613606
25.0,DNA,O2,124.0,Y20I,0.9780855560934393,0.029157571493513453
25.0,DNA,O2,260.0,Q21A,0.7514638655818597,0.04838785957372425
25.0,DNA,O2,260.0,Q21M,0.0941064848980725,0.023224307573638334
25.0,DNA,O2,260.0,Y20I,0.9597500881737936,0.05451139467231761
25.0,DNA,O2,1220.0,Q21A,0.5143088620232693,0.017111292107239585
25.0,DNA,O2,1220.0,Q21M,0.05030387826993667,0.01746687443424685
25.0,DNA,O2,1220.0,Y20I,0.6989763742948389,0.07529621705470294
25.0,IND,O1,260.0,Q294K,0.11453149825028146,0.005195421114309354
25.0,IND,O1,260.0,Q294R,0.03821107801643748,0.005009657524284049
25.0,IND,O2,260.0,F164T,0.26674135118536424,0.05371751180821522
25.0,IND,O2,260.0,Q294K,0.33089998747294724,0.012076078704527983
25.0,IND,O2,260.0,Q294R,0.18196653939661217,0.007405711432077123
25.0,IND,O2,260.0,Q294V,0.04754916596379397,0.017878915018057134
25.0,IND,O3,260.0,Q294K,0.9534938632128749,0.02388753958024939
25.0,IND,O3,260.0,Q294R,0.919305758521251,0.02071240735697064
25.0,WT,O2,260.0,wt,0.17900690302079084,0.016385692092676117
25.0,WT,O3,260.0,wt,1.0047754188103974,0.080619680886447
50.0,DBL,O2,260.0,Q21A-F164T,0.8796764101319463,0.03671691481593134
50.0,DBL,O2,260.0,Q21A-Q294K,0.8565949239203068,0.02204109722328302
50.0,DBL,O2,260.0,Q21A-Q294V,0.5094683020396158,0.03752904323213244
50.0,DBL,O2,260.0,Q21M-F164T,0.18201907421106,0.02686756958818359
50.0,DBL,O2,260.0,Q21M-Q294K,0.1263139977369001,0.008947400353646924
50.0,DBL,O2,260.0,Q21M-Q294V,0.03541029322019254,0.008460360159952086
50.0,DBL,O2,260.0,Y20I-F164T,1.0456340250099931,0.06367503816335851
50.0,DBL,O2,260.0,Y20I-Q294K,0.9142768459509537,0.03572999647975784
50.0,DBL,O2,260.0,Y20I-Q294V,0.7996436581916494,0.05393690057014702
50.0,DNA,O2,60.0,Q21A,0.9580026766722195,0.01241336750075789
50.0,DNA,O2,60.0,Q21M,0.38963396127042393,0.02404163022327742
50.0,DNA,O2,60.0,Y20I,1.1710953521242449,0.17261367222934393
50.0,DNA,O2,124.0,Q21A,0.937683668002737,0.024567787168858123
50.0,DNA,O2,124.0,Q21M,0.28781804628624097,0.027677983498620252
50.0,DNA,O2,124.0,Y20I,1.1196066158533085,0.13202581919303782
50.0,DNA,O2,260.0,Q21A,0.8844387754135141,0.01631561324288036
50.0,DNA,O2,260.0,Q21M,0.17206220985985654,0.026511801541809127
50.0,DNA,O2,260.0,Y20I,1.12655934216809,0.11319558819256474
50.0,DNA,O2,1220.0,Q21A,0.7043585495584596,0.022929863524746096
50.0,DNA,O2,1220.0,Q21M,0.07358016810410602,0.017152111577888228
50.0,DNA,O2,1220.0,Y20I,0.9305818714964399,0.1583450211982392
50.0,IND,O1,260.0,Q294K,0.12261615888269257,0.0064664108363174915
50.0,IND,O1,260.0,Q294R,0.03548646651283042,0.004614881929991495
50.0,IND,O2,260.0,F164T,0.42201593902953227,0.07019786853768378
50.0,IND,O2,260.0,Q294K,0.3261604076560669,0.014023252160376733
50.0,IND,O2,260.0,Q294R,0.1815777893551891,0.003312722288287264
50.0,IND,O2,260.0,Q294V,0.08971455082754955,0.035321529948371795
50.0,IND,O3,260.0,Q294K,0.9941418977917323,0.018875162898282033
50.0,IND,O3,260.0,Q294R,0.946417893619447,0.02348694318995403
50.0,WT,O2,260.0,wt,0.34133064870745583,0.02446464304259469
50.0,WT,O3,260.0,wt,1.0457818578457099,0.07510437479547015
75.0,DBL,O2,260.0,Q21A-F164T,0.9566778393502167,0.040286320267881766
75.0,DBL,O2,260.0,Q21A-Q294K,0.8783980451870874,0.022508354240523266
75.0,DBL,O2,260.0,Q21A-Q294V,0.5894197589777211,0.044774324149831214
75.0,DBL,O2,260.0,Q21M-F164T,0.2749363336713547,0.03613368842728036
75.0,DBL,O2,260.0,Q21M-Q294K,0.11779461269637677,0.0045797653322558925
75.0,DBL,O2,260.0,Q21M-Q294V,0.024889087374083383,0.009561515728521952
75.0,DBL,O2,260.0,Y20I-F164T,1.0880993473321152,0.10895769598602591
75.0,DBL,O2,260.0,Y20I-Q294K,0.970814266722475,0.03368541689050147
75.0,DBL,O2,260.0,Y20I-Q294V,0.8738155430734613,0.09215438708733113
75.0,DNA,O2,60.0,Q21A,0.9858927425347517,0.01596507054501694
75.0,DNA,O2,60.0,Q21M,0.4973660521297802,0.006668388846620073
75.0,DNA,O2,60.0,Y20I,1.02378013281861,0.01555071416183648
75.0,DNA,O2,124.0,Q21A,0.9681913056114538,0.026555589306925212
75.0,DNA,O2,124.0,Q21M,0.3942687867117941,0.01062303908056789
75.0,DNA,O2,124.0,Y20I,0.9955537379188084,0.011857132927081146
75.0,DNA,O2,260.0,Q21A,0.9730653247118922,0.034898003261151674
75.0,DNA,O2,260.0,Q21M,0.24295964853910032,0.021781923455019878
75.0,DNA,O2,260.0,Y20I,1.1456911018277645,0.1253733224799187
75.0,DNA,O2,1220.0,Q21A,0.7902851955974217,0.01917260609750813
75.0,DNA,O2,1220.0,Q21M,0.1000028372134995,0.012559094554612026
75.0,DNA,O2,1220.0,Y20I,0.8640013065330284,0.10377514545012721
75.0,IND,O1,260.0,Q294K,0.12844898186548165,0.006351750145958735
75.0,IND,O1,260.0,Q294R,0.03581141846878225,0.004236924966569802
75.0,IND,O2,260.0,F164T,0.5656889802177457,0.07251342781607738
75.0,IND,O2,260.0,Q294K,0.34189926101142204,0.01826054851402972
75.0,IND,O2,260.0,Q294R,0.19113810109052823,0.00878652467678839
75.0,IND,O2,260.0,Q294V,0.13066173936404318,0.051506168131271436
75.0,IND,O3,260.0,Q294K,0.9941949380335438,0.019470775280769067
75.0,IND,O3,260.0,Q294R,0.9180331439621455,0.02351427461875407
75.0,WT,O2,260.0,wt,0.49119868970872665,0.02912173051661481
75.0,WT,O3,260.0,wt,1.0345350224879257,0.060751458477528546
100.0,DBL,O2,260.0,Q21A-F164T,0.9856240707524695,0.014610757260283738
100.0,DBL,O2,260.0,Q21A-Q294K,0.8834884245780485,0.023618474500063633
100.0,DBL,O2,260.0,Q21A-Q294V,0.6513032079822754,0.05463758924981477
100.0,DBL,O2,260.0,Q21M-F164T,0.3302096978343771,0.04428078595603647
100.0,DBL,O2,260.0,Q21M-Q294K,0.12748414866014354,0.008728910722597016
100.0,DBL,O2,260.0,Q21M-Q294V,0.04209703637668464,0.01240148523737847
100.0,DBL,O2,260.0,Y20I-F164T,1.0405523896123783,0.04648853709333141
100.0,DBL,O2,260.0,Y20I-Q294K,0.9547213075928013,0.07510969345880021
100.0,DBL,O2,260.0,Y20I-Q294V,0.9068242072911525,0.1142829137151695
100.0,DNA,O2,60.0,Q21A,0.9870088950542614,0.013257490842921766
100.0,DNA,O2,60.0,Q21M,0.5526346942993463,0.03969807434867709
100.0,DNA,O2,60.0,Y20I,0.9981581607102795,0.02110842029771902
100.0,DNA,O2,124.0,Q21A,0.990320789486563,0.020473848406855625
100.0,DNA,O2,124.0,Q21M,0.39942330961620803,0.0200710106850031
100.0,DNA,O2,124.0,Y20I,1.0061364186066684,0.029962489546963487
100.0,DNA,O2,260.0,Q21A,1.0051926707097567,0.05854419702909179
100.0,DNA,O2,260.0,Q21M,0.3165292823344176,0.027806750679572858
100.0,DNA,O2,260.0,Y20I,1.0904210141122286,0.12320603239629997
100.0,DNA,O2,1220.0,Q21A,0.8411715665314091,0.017217218297948315
100.0,DNA,O2,1220.0,Q21M,0.13992736269216696,0.03079550885279689
100.0,DNA,O2,1220.0,Y20I,0.902422511364018,0.01922007313334998
100.0,IND,O1,260.0,Q294K,0.13750007607231535,0.004652132697244195
100.0,IND,O1,260.0,Q294R,0.03037360759798921,0.005987742948643063
100.0,IND,O2,260.0,F164T,0.7011011067799606,0.04134711290301342
100.0,IND,O2,260.0,Q294K,0.34764584569076107,0.019523168164345944
100.0,IND,O2,260.0,Q294R,0.16818027713008923,0.010215826287832158
100.0,IND,O2,260.0,Q294V,0.15272731821775345,0.05150011945976787
100.0,IND,O3,260.0,Q294K,0.9790379662340141,0.0219667326707809
100.0,IND,O3,260.0,Q294R,0.9517201516761543,0.02286342686696621
100.0,WT,O2,260.0,wt,0.5601274422957414,0.026595221610666835
100.0,WT,O3,260.0,wt,1.0125799988763866,0.06630945131702543
250.0,DBL,O2,260.0,Q21A-F164T,0.9979969872168113,0.023948647991890577
250.0,DBL,O2,260.0,Q21A-Q294K,0.9209190893400305,0.045168473966735456
250.0,DBL,O2,260.0,Q21A-Q294V,0.8839239532528737,0.04097258881860523
250.0,DBL,O2,260.0,Q21M-F164T,0.5185523260352872,0.04053777337266743
250.0,DBL,O2,260.0,Q21M-Q294K,0.1733257633329106,0.011203325999361042
250.0,DBL,O2,260.0,Q21M-Q294V,0.12141883568760599,0.016588142731568823
250.0,DBL,O2,260.0,Y20I-F164T,1.0253296078463943,0.032113803402971715
250.0,DBL,O2,260.0,Y20I-Q294K,0.9550795790332017,0.06309416734017044
250.0,DBL,O2,260.0,Y20I-Q294V,0.9945112283835625,0.048119199855372524
250.0,DNA,O2,60.0,Q21A,0.9836888570521257,0.021720390996209177
250.0,DNA,O2,60.0,Q21M,0.7548656447120499,0.031937433651512304
250.0,DNA,O2,60.0,Y20I,1.0370782183383689,0.01697231020143564
250.0,DNA,O2,124.0,Q21A,1.0124576126091005,0.015981432884059385
250.0,DNA,O2,124.0,Q21M,0.6301484409878509,0.02926010568447395
250.0,DNA,O2,124.0,Y20I,1.0610100792341775,0.025127106236574902
250.0,DNA,O2,260.0,Q21A,1.0008515625147227,0.022725844776512055
250.0,DNA,O2,260.0,Q21M,0.5032866711051442,0.014992252142124957
250.0,DNA,O2,260.0,Y20I,1.0236156561075789,0.01876719009783354
250.0,DNA,O2,1220.0,Q21A,0.9191821725363173,0.02286703886519722
250.0,DNA,O2,1220.0,Q21M,0.21372488251327137,0.015354827442654411
250.0,DNA,O2,1220.0,Y20I,1.005038310723947,0.019574853342960424
250.0,IND,O1,260.0,Q294K,0.1946807472947752,0.008111694287464773
250.0,IND,O1,260.0,Q294R,0.04772333254067553,0.006289223815325956
250.0,IND,O2,260.0,F164T,0.8724437263961272,0.08175544069610684
250.0,IND,O2,260.0,Q294K,0.5245572098852446,0.024896744125571656
250.0,IND,O2,260.0,Q294R,0.18971498238585438,0.013383618659200496
250.0,IND,O2,260.0,Q294V,0.35851365592475304,0.08553814821415814
250.0,IND,O3,260.0,Q294K,0.9861601511339462,0.027511584488187364
250.0,IND,O3,260.0,Q294R,0.9170839380157005,0.0292304153759996
250.0,WT,O2,260.0,wt,0.7779558470711746,0.0222824541287718
250.0,WT,O3,260.0,wt,1.00905949287537,0.07082174048717149
500.0,DBL,O2,260.0,Q21A-F164T,1.0022100855710192,0.020382443944763965
500.0,DBL,O2,260.0,Q21A-Q294K,0.9623659886898193,0.026255512586382167
500.0,DBL,O2,260.0,Q21A-Q294V,0.9071137585287874,0.016078070653643042
500.0,DBL,O2,260.0,Q21M-F164T,0.7309773774290651,0.03546294747969894
500.0,DBL,O2,260.0,Q21M-Q294K,0.2678265643708106,0.017545302807360785
500.0,DBL,O2,260.0,Q21M-Q294V,0.2349724383387494,0.01582602633248736
500.0,DBL,O2,260.0,Y20I-F164T,1.0136993571757533,0.04513511581607219
500.0,DBL,O2,260.0,Y20I-Q294K,0.9684466677908706,0.04430801722791059
500.0,DBL,O2,260.0,Y20I-Q294V,0.9918954353497,0.060204081101980424
500.0,DNA,O2,60.0,Q21A,0.9917859552959362,0.016387105777981997
500.0,DNA,O2,60.0,Q21M,0.8530798150088369,0.020824758958180114
500.0,DNA,O2,60.0,Y20I,1.0251909315296994,0.04754183790246035
500.0,DNA,O2,124.0,Q21A,0.9923102896067313,0.018554967141163583
500.0,DNA,O2,124.0,Q21M,0.7616547275181837,0.03282164032242467
500.0,DNA,O2,124.0,Y20I,1.0097407277420927,0.025267109787131176
500.0,DNA,O2,260.0,Q21A,1.0415287945437202,0.06724248441494607
500.0,DNA,O2,260.0,Q21M,0.619566978287076,0.042003292456994086
500.0,DNA,O2,260.0,Y20I,1.0621937271543687,0.08862851491307373
500.0,DNA,O2,1220.0,Q21A,0.9405873128511416,0.013210073812902633
500.0,DNA,O2,1220.0,Q21M,0.3140568089825888,0.007137003504229816
500.0,DNA,O2,1220.0,Y20I,0.9479846670934521,0.029894922961464558
500.0,IND,O1,260.0,Q294K,0.251320688661576,0.022276156428525172
500.0,IND,O1,260.0,Q294R,0.03946536730087395,0.008144723435052218
500.0,IND,O2,260.0,F164T,0.9199021762602717,0.07276949447475312
500.0,IND,O2,260.0,Q294K,0.5729608691837043,0.019665039023155365
500.0,IND,O2,260.0,Q294R,0.17188842585494787,0.003751600432791204
500.0,IND,O2,260.0,Q294V,0.5557005254944725,0.06709424714028464
500.0,IND,O3,260.0,Q294K,0.9737726692127758,
500.0,IND,O3,260.0,Q294R,0.9434429024690358,
500.0,WT,O2,260.0,wt,0.8483985399095905,0.022044971326813805
500.0,WT,O3,260.0,wt,0.9571307272019896,
1000.0,DBL,O2,260.0,Q21A-F164T,0.9984141527517091,0.017165000923811992
1000.0,DBL,O2,260.0,Q21A-Q294K,0.9897849620271204,0.06050950677097131
1000.0,DBL,O2,260.0,Q21A-Q294V,0.9733654875134718,0.03822722540659186
1000.0,DBL,O2,260.0,Q21M-F164T,0.7251742988200564,0.03126193599692533
1000.0,DBL,O2,260.0,Q21M-Q294K,0.3697242380007804,0.028537665181900887
1000.0,DBL,O2,260.0,Q21M-Q294V,0.41472821012491073,0.051192424858772304
1000.0,DBL,O2,260.0,Y20I-F164T,1.085666567804402,0.09777252307343227
1000.0,DBL,O2,260.0,Y20I-Q294K,0.9233725206214056,0.04477937899003293
1000.0,DBL,O2,260.0,Y20I-Q294V,1.0465572009021027,0.08579317335928215
1000.0,DNA,O2,60.0,Q21A,0.968195298506804,0.029577073651618293
1000.0,DNA,O2,60.0,Q21M,0.9113842795619153,0.02111155141351103
1000.0,DNA,O2,60.0,Y20I,1.013102041900627,0.0073661246977823735
1000.0,DNA,O2,124.0,Q21A,0.9757510784982125,0.025987090038103063
1000.0,DNA,O2,124.0,Q21M,0.7929891600536831,0.040681999378480126
1000.0,DNA,O2,124.0,Y20I,1.027317038837872,0.013407296264049306
1000.0,DNA,O2,260.0,Q21A,1.0116991784435807,0.05760748241730468
1000.0,DNA,O2,260.0,Q21M,0.6635436689253277,0.03495699806410778
1000.0,DNA,O2,260.0,Y20I,1.0611306389402742,0.07720343070746898
1000.0,DNA,O2,1220.0,Q21A,0.9287825607688317,0.025595205670455694
1000.0,DNA,O2,1220.0,Q21M,0.3528534484985116,0.019485110518998518
1000.0,DNA,O2,1220.0,Y20I,0.9830380551188902,0.016844493049060365
1000.0,IND,O1,260.0,Q294K,0.3130003382753114,0.023503166483735755
1000.0,IND,O1,260.0,Q294R,0.031100229870102015,0.007557604713837801
1000.0,IND,O2,260.0,F164T,0.8783571677264412,0.04648157972321233
1000.0,IND,O2,260.0,Q294K,0.7237148190117988,0.015321667166612858
1000.0,IND,O2,260.0,Q294R,0.1751258321603084,0.011899083286240704
1000.0,IND,O2,260.0,Q294V,0.6980634245948215,0.09694926714784056
1000.0,IND,O3,260.0,Q294K,1.0423012255747943,0.027582337704190715
1000.0,IND,O3,260.0,Q294R,0.854312503962972,0.0367446598686896
1000.0,WT,O2,260.0,wt,0.901474141211396,0.015774387881492415
1000.0,WT,O3,260.0,wt,1.0289996173416431,0.05271940845223682
5000.0,DBL,O2,260.0,Q21A-F164T,0.9949719781956761,0.03639700467309161
5000.0,DBL,O2,260.0,Q21A-Q294K,0.9751830584256235,0.041681467017071344
5000.0,DBL,O2,260.0,Q21A-Q294V,0.8867012011360285,0.0284725081824456
5000.0,DBL,O2,260.0,Q21M-F164T,0.7510018577240006,0.03865114494609871
5000.0,DBL,O2,260.0,Q21M-Q294K,0.6416153760558835,0.03923577298653006
5000.0,DBL,O2,260.0,Q21M-Q294V,0.6117542485934454,0.03956505192087238
5000.0,DBL,O2,260.0,Y20I-F164T,0.9743249948253204,0.04698858549838347
5000.0,DBL,O2,260.0,Y20I-Q294K,1.0207752920607336,0.04230972794031761
5000.0,DBL,O2,260.0,Y20I-Q294V,0.923087291463035,0.045399027419833496
5000.0,DNA,O2,60.0,Q21A,0.9838704245174132,0.05283422880411051
5000.0,DNA,O2,60.0,Q21M,0.8801035370019406,0.020385542046177596
5000.0,DNA,O2,60.0,Y20I,1.017128906278328,0.008957463677829677
5000.0,DNA,O2,124.0,Q21A,0.9941497074448692,0.026284687644999062
5000.0,DNA,O2,124.0,Q21M,0.7624026823220099,0.041645366564108076
5000.0,DNA,O2,124.0,Y20I,0.9927729029779643,0.03861894641591459
5000.0,DNA,O2,260.0,Q21A,1.0378588030609965,0.08215526596094165
5000.0,DNA,O2,260.0,Q21M,0.6862643185153553,0.01933298001334775
5000.0,DNA,O2,260.0,Y20I,1.1017154245429344,0.08072817816753242
5000.0,DNA,O2,1220.0,Q21A,0.9107522859022605,0.030215432731127125
5000.0,DNA,O2,1220.0,Q21M,0.3781327499539396,0.01675590256148111
5000.0,DNA,O2,1220.0,Y20I,0.9651225193582891,0.03512362377690437
5000.0,IND,O1,260.0,Q294K,0.48212927086405444,0.03980112697339362
5000.0,IND,O1,260.0,Q294R,0.04800097383639037,0.012708442683680968
5000.0,IND,O2,260.0,F164T,0.9136727534464741,0.055622038499870574
5000.0,IND,O2,260.0,Q294K,0.9086548290575761,0.022191763091573415
5000.0,IND,O2,260.0,Q294R,0.19887234241211546,0.013270225613208387
5000.0,IND,O2,260.0,Q294V,0.8717472775929371,0.05458284321071153
5000.0,IND,O3,260.0,Q294K,0.9999724486540782,0.03618579076765828
5000.0,IND,O3,260.0,Q294R,0.9690237350960336,0.02429022137332077
5000.0,WT,O2,260.0,wt,0.912409980046063,0.01918991920616949
5000.0,WT,O3,260.0,wt,1.0623480176631352,0.09725172230672308
