,date,username,operator,class,strain,repressors,IPTG_uM,mean_YFP,mean_YFP_bgcorr,fold_change
0,20170613,sbarnes,O1,,auto,0,0.0,3087.6431860293633,-59.63321236459114,-0.006591785522836396
1,20170613,sbarnes,O1,,delta,0,0.0,11605.536556251183,8458.260157857228,0.9349661815309692
2,20170613,sbarnes,O1,,auto,0,0.0,3132.9122101301723,-14.36418826378258,-0.0015878005643164155
3,20170613,sbarnes,O1,,delta,0,0.0,12298.746288275777,9151.46988988182,1.0115927742409447
4,20170613,sbarnes,O1,,auto,0,0.0,3221.2737990223277,73.99740062837374,0.008179586087152812
5,20170613,sbarnes,O1,,delta,0,0.0,12677.330628222582,9530.054229828627,1.053441044228086
6,20170613,sbarnes,O1,dna,Q21A,1220,0.0,3698.2273660402143,550.9509676462599,0.060901475340942236
7,20170613,sbarnes,O1,dna,Q21M,1220,0.0,3172.4334873117855,25.157088917831057,0.0027808351747244282
8,20170613,sbarnes,O1,dna,Y20I,1220,0.0,3816.0971311727903,668.8207327788359,0.07393066126892336
9,20170613,sbarnes,O1,dna,Q21A,124,0.0,4841.786688184384,1694.5102897904294,0.1873091848255061
10,20170613,sbarnes,O1,dna,Q21M,124,0.0,3191.508173442881,44.231775048926465,0.004889328661925231
11,20170613,sbarnes,O1,dna,Y20I,124,0.0,5219.250964083449,2071.9745656894947,0.2290336442433052
12,20170613,sbarnes,O1,dna,Q21A,260,0.0,4166.144311715294,1018.8679133213395,0.11262446704450953
13,20170613,sbarnes,O1,dna,Q21M,260,0.0,3174.95807217474,27.681673780785786,0.0030598998316651326
14,20170613,sbarnes,O1,dna,Y20I,260,0.0,4339.1353486146645,1191.85895022071,0.13174669386069934
15,20170613,sbarnes,O1,dna,Q21A,60,0.0,7829.435781735804,4682.15938334185,0.5175604200227794
16,20170613,sbarnes,O1,dna,Q21M,60,0.0,3247.7759020031026,100.49950360914818,0.01110909754270403
17,20170613,sbarnes,O1,dna,Y20I,60,0.0,6161.792000918803,3014.5156025248484,0.3332210276648908
0,20170616,sbarnes,O1,,auto,0,0.0,3202.708453243257,60.69251056864914,0.0049789247470768076
1,20170616,sbarnes,O1,,delta,0,0.0,16521.080633762223,13379.064691087617,1.0975547997450437
2,20170616,sbarnes,O1,,auto,0,0.0,3218.8580843706804,76.84214169607229,0.00630376363284905
3,20170616,sbarnes,O1,,delta,0,0.0,16833.51566256734,13691.499719892732,1.1231854827106451
4,20170616,sbarnes,O1,,auto,0,0.0,3004.481290409887,-137.534652264721,-0.01128268837992582
5,20170616,sbarnes,O1,,delta,0,0.0,12641.100794388489,9499.08485171388,0.7792597175443114
6,20170616,sbarnes,O1,dna,Q21A,1220,0.0,3600.509333409351,458.4933907347422,0.03761261592430405
7,20170616,sbarnes,O1,dna,Q21M,1220,0.0,3226.8872768838733,84.87133420926466,0.006962440377778881
8,20170616,sbarnes,O1,dna,Y20I,1220,0.0,4025.2426495737504,883.2267068991423,0.07245571598632869
9,20170616,sbarnes,O1,dna,Q21A,124,0.0,4624.473800212151,1482.457857537543,0.1216137879984954
10,20170616,sbarnes,O1,dna,Q21M,124,0.0,3243.1095240140758,101.09358133946762,0.008293236334858383
11,20170616,sbarnes,O1,dna,Y20I,124,0.0,6335.6043093353355,3193.5883666607288,0.2619867921390158
12,20170616,sbarnes,O1,dna,Q21A,260,0.0,4036.076948265732,894.0610055911234,0.07334451029339085
13,20170616,sbarnes,O1,dna,Q21M,260,0.0,3204.7292974946577,62.713354820049524,0.005144705192786078
14,20170616,sbarnes,O1,dna,Y20I,260,0.0,4873.421341870447,1731.4053991958385,0.14203625963911795
15,20170616,sbarnes,O1,dna,Q21A,60,0.0,7642.920039089311,4500.904096414704,0.3692327534302777
16,20170616,sbarnes,O1,dna,Q21M,60,0.0,3296.8412803363103,154.8253376617022,0.012701133927990176
17,20170616,sbarnes,O1,dna,Y20I,60,0.0,7772.379041254033,4630.363098579423,0.3798529539059316
0,20170621,sbarnes,O1,,auto,0,0.0,3137.971207045253,-26.542084728694128,-0.0016697699654950953
1,20170621,sbarnes,O1,,delta,0,0.0,17877.349905259394,14712.83661348545,0.9255886617630908
2,20170621,sbarnes,O1,,auto,0,0.0,3242.1968304353045,77.68353866135794,0.004887093120077402
3,20170621,sbarnes,O1,,delta,0,0.0,21127.307717467582,17962.794425693635,1.1300444156882787
4,20170621,sbarnes,O1,,auto,0,0.0,3113.3718378412823,-51.14145393266426,-0.003217323154582334
5,20170621,sbarnes,O1,,delta,0,0.0,18175.84263127961,15011.329339505664,0.9443669225486306
6,20170621,sbarnes,O1,dna,Q21A,1220,0.0,3662.1003454631878,497.5870536892412,0.031303340561311226
7,20170621,sbarnes,O1,dna,Q21M,1220,0.0,3187.815981218559,23.302689444612497,0.0014659787031652619
8,20170621,sbarnes,O1,dna,Y20I,1220,0.0,4061.3846772537054,896.8713854797596,0.05642242942458413
9,20170621,sbarnes,O1,dna,Q21A,124,0.0,4868.292200844825,1703.7789090708786,0.1071852071640388
10,20170621,sbarnes,O1,dna,Q21M,124,0.0,3261.034291975237,96.52100020129045,0.006072163088283168
11,20170621,sbarnes,O1,dna,Y20I,124,0.0,7596.001620839445,4431.4883290655,0.2787861688315722
12,20170621,sbarnes,O1,dna,Q21A,260,0.0,4092.362913243033,927.8496214690863,0.058371278905238376
13,20170621,sbarnes,O1,dna,Q21M,260,0.0,3254.190546334556,89.67725456060953,0.005641621138051843
14,20170621,sbarnes,O1,dna,Y20I,260,0.0,5021.054769960449,1856.5414781865038,0.11679554306524932
15,20170621,sbarnes,O1,dna,Q21A,60,0.0,9418.115852097713,6253.602560323765,0.3934158841744305
16,20170621,sbarnes,O1,dna,Q21M,60,0.0,3361.457988676013,196.94469690206643,0.012389845903667452
17,20170621,sbarnes,O1,dna,Y20I,60,0.0,8847.617631641795,5683.104339867849,0.35752568174222105
0,20170627,sbarnes,O1,,auto,0,0.0,3256.755707397387,-15.670716192688815,-0.001837231857810428
1,20170627,sbarnes,O1,,delta,0,0.0,12170.69809112906,8898.271667538984,1.0432317187061175
2,20170627,sbarnes,O1,,auto,0,0.0,3290.900957481729,18.474533891653213,0.002165950924424208
3,20170627,sbarnes,O1,,delta,0,0.0,12323.955524380857,9051.52910079078,1.0611995917346535
4,20170627,sbarnes,O1,,auto,0,0.0,3269.622605891112,-2.8038176989643944,-0.0003287190666137798
5,20170627,sbarnes,O1,,delta,0,0.0,10911.20250156783,7638.776077977754,0.8955686895592296
6,20170627,sbarnes,O1,dna,Q21A,1220,0.0,3629.158081782408,356.73165819233236,0.041823153393989114
7,20170627,sbarnes,O1,dna,Q21M,1220,0.0,3277.012868194673,4.586444604596637,0.0005377139141591381
8,20170627,sbarnes,O1,dna,Y20I,1220,0.0,4094.8256377560015,822.3992141659254,0.09641793122440877
9,20170627,sbarnes,O1,dna,Q21A,124,0.0,4580.584098160396,1308.15767457032,0.15336816296125005
10,20170627,sbarnes,O1,dna,Q21M,124,0.0,3337.5884447509557,65.16202116088016,0.007639583266267094
11,20170627,sbarnes,O1,dna,Y20I,124,0.0,5362.1286755263545,2089.7022519362795,0.2449963041502046
12,20170627,sbarnes,O1,dna,Q21A,260,0.0,3927.953982974583,655.5275593845072,0.07685392939065712
13,20170627,sbarnes,O1,dna,Q21M,260,0.0,3321.6260660858534,49.199642495777425,0.005768156954325935
14,20170627,sbarnes,O1,dna,Y20I,260,0.0,4480.182889111689,1207.7564655216133,0.1415971438477121
15,20170627,sbarnes,O1,dna,Q21A,60,0.0,6838.888590518178,3566.462166928102,0.4181313624844381
16,20170627,sbarnes,O1,dna,Q21M,60,0.0,3408.3698442589257,135.94342066884974,0.015937981406941748
17,20170627,sbarnes,O1,dna,Y20I,60,0.0,6449.893332671993,3177.466909081917,0.3725256306554343
