IPTG_uM,date,fold_change,mean_intensity,mut_class,mutant,operator,rbs,repressors,username
0.0,20171129,0.1307776038085454,654.4155247985141,DNA,Q21A,O1,R124,124,mrazomej
0.0,20171129,0.04830176043034553,297.37659864443987,DNA,Q21A,O1,R260,260,mrazomej
0.0,20171129,0.017244412133168217,162.9289612390341,DNA,Q21A,O1,R1220,1220,mrazomej
0.0,20171129,0.004236436025425956,106.61727492321094,DNA,Q21M,O1,R60,60,mrazomej
0.0,20171129,0.0027428302387226145,100.15143735988113,DNA,Q21M,O1,R124,124,mrazomej
0.0,20171129,0.0014291560062892276,94.4645256769838,DNA,Q21M,O1,R260,260,mrazomej
0.0,20171129,0.0005507272061200316,90.66179674850193,DNA,Q21M,O1,R1220,1220,mrazomej
0.0,20171129,0.3226866845559144,1485.1922626010792,DNA,Y20I,O1,R60,60,mrazomej
0.0,20171129,0.18578979002742885,892.5639460630341,DNA,Y20I,O1,R124,124,mrazomej
0.0,20171129,0.10405186825829878,538.7194915032668,DNA,Y20I,O1,R260,260,mrazomej
0.0,20171129,0.05628709231455479,331.94519720787775,DNA,Y20I,O1,R1220,1220,mrazomej
0.0,20171129,0.007154787270242836,119.25085285234842,DNA,wt,O1,R60,60,mrazomej
0.0,20171129,0.003907145297513018,105.19177136882587,DNA,wt,O1,R124,124,mrazomej
0.0,20171129,0.004568471423410925,108.05466018762196,DNA,wt,O1,R260,260,mrazomej
0.0,20171129,0.0014083492215384065,94.37445285347731,DNA,wt,O1,R1220,1220,mrazomej
0.0,20171204,0.5375156517528383,1594.2844961023507,DNA,Q21A,O1,R60,60,mrazomej
0.0,20171204,0.16377156323665226,549.8846689770526,DNA,Q21A,O1,R124,124,mrazomej
0.0,20171204,0.05807189344620664,254.51486849508012,DNA,Q21A,O1,R260,260,mrazomej
0.0,20171204,0.02114884264756886,151.33617201285912,DNA,Q21A,O1,R1220,1220,mrazomej
0.0,20171204,0.0024489473476828547,99.08071696071505,DNA,Q21M,O1,R60,60,mrazomej
0.0,20171204,0.000284201204684365,93.03149620516086,DNA,Q21M,O1,R124,124,mrazomej
0.0,20171204,-0.0006702123070455563,90.36445922107329,DNA,Q21M,O1,R260,260,mrazomej
0.0,20171204,-0.00172065388311812,87.4290790126238,DNA,Q21M,O1,R1220,1220,mrazomej
0.0,20171204,0.39493613894787705,1195.8567400506004,DNA,Y20I,O1,R60,60,mrazomej
0.0,20171204,0.21755982489684306,700.1919324371961,DNA,Y20I,O1,R124,124,mrazomej
0.0,20171204,0.12155409931208165,431.9111320589415,DNA,Y20I,O1,R260,260,mrazomej
0.0,20171204,0.05565237521622295,247.7537062485981,DNA,Y20I,O1,R1220,1220,mrazomej
0.0,20171204,0.014577645083546632,132.97345321476962,DNA,wt,O1,R60,60,mrazomej
0.0,20171204,0.0055230096519130216,107.6709535363802,DNA,wt,O1,R124,124,mrazomej
0.0,20171204,0.001883596729843366,97.50088705656614,DNA,wt,O1,R260,260,mrazomej
0.0,20171204,0.0009290377660593737,94.83344361762134,DNA,wt,O1,R1220,1220,mrazomej
0.0,20171130,0.4983979502247216,1754.1263803303366,DNA,Q21A,O1,R60,60,mrazomej
0.0,20171130,0.1466734469676195,577.145183191194,DNA,Q21A,O1,R124,124,mrazomej
0.0,20171130,0.06470793617371412,302.862714597263,DNA,Q21A,O1,R260,260,mrazomej
0.0,20171130,0.02598918915559473,173.2975668890229,DNA,Q21A,O1,R1220,1220,mrazomej
0.0,20171130,0.007120645998046427,110.15746630407922,DNA,Q21M,O1,R60,60,mrazomej
0.0,20171130,0.003176097817046,96.95776313510996,DNA,Q21M,O1,R124,124,mrazomej
0.0,20171130,0.002254030668220065,93.87223543767078,DNA,Q21M,O1,R260,260,mrazomej
0.0,20171130,0.002634456585344971,95.1452606241848,DNA,Q21M,O1,R1220,1220,mrazomej
0.0,20171130,0.3315836015709029,1195.9129207607032,DNA,Y20I,O1,R60,60,mrazomej
0.0,20171130,0.220203001785444,823.1982805818255,DNA,Y20I,O1,R124,124,mrazomej
0.0,20171130,0.11502588262148948,471.24244446895483,DNA,Y20I,O1,R260,260,mrazomej
0.0,20171130,0.057027506618236176,277.16157325215323,DNA,Y20I,O1,R1220,1220,mrazomej
0.0,20171130,0.0125515161476084,128.33087188414558,DNA,wt,O1,R60,60,mrazomej
0.0,20171130,0.006415557609572486,107.79801802035145,DNA,wt,O1,R124,124,mrazomej
0.0,20171130,0.004129167990643946,100.14703673843054,DNA,wt,O1,R260,260,mrazomej
0.0,20171130,0.0030327387933816578,96.47803859578829,DNA,wt,O1,R1220,1220,mrazomej
0.0,20171205,0.418434844086079,1268.666702814529,DNA,Q21A,O1,R60,60,mrazomej
0.0,20171205,0.16178778237853242,547.6274385536087,DNA,Q21A,O1,R124,124,mrazomej
0.0,20171205,0.05934316925795927,259.81355134018423,DNA,Q21A,O1,R260,260,mrazomej
0.0,20171205,0.019126081873272718,146.82531408689619,DNA,Q21A,O1,R1220,1220,mrazomej
0.0,20171205,0.0022573346931024692,99.43326924964266,DNA,Q21M,O1,R60,60,mrazomej
0.0,20171205,0.0009789130950159986,95.84159684799276,DNA,Q21M,O1,R124,124,mrazomej
0.0,20171205,-0.00026813661500698776,92.3380624633428,DNA,Q21M,O1,R260,260,mrazomej
0.0,20171205,-0.0018280996259456565,87.9554111514677,DNA,Q21M,O1,R1220,1220,mrazomej
0.0,20171205,0.282059068037838,885.5246221275232,DNA,Y20I,O1,R60,60,mrazomej
0.0,20171205,0.1912803803840436,630.4856681610415,DNA,Y20I,O1,R124,124,mrazomej
0.0,20171205,0.10973825080160574,401.3964406078054,DNA,Y20I,O1,R260,260,mrazomej
0.0,20171205,0.05158240073865041,238.00999440081702,DNA,Y20I,O1,R1220,1220,mrazomej
0.0,20171205,0.0064868653846694045,111.31596012374096,DNA,wt,O1,R60,60,mrazomej
0.0,20171205,0.002795086649553221,100.94406104462513,DNA,wt,O1,R124,124,mrazomej
0.0,20171205,0.0014806131853383028,97.2511024219075,DNA,wt,O1,R260,260,mrazomej
0.0,20171205,0.0003855454857563031,94.1745551855232,DNA,wt,O1,R1220,1220,mrazomej
