date,username,mut_class,mutant,rbs,repressors,mean_intensity,area,eccentricity,operator,IPTG_uM
20171122,mrazomej,DNA,Q21M,R124,124,833.0229592069396,4.2752,0.9422128407833521,O2,0.0
20171122,mrazomej,DNA,Q21M,R124,124,768.7877458671068,5.6832,0.9203846940436485,O2,0.0
20171122,mrazomej,DNA,Q21M,R124,124,590.1752759690459,4.889600000000001,0.8263131228544742,O2,0.0
20171122,mrazomej,DNA,Q21M,R124,124,678.799368309877,4.352,0.9173773620591306,O2,0.0
20171122,mrazomej,DNA,Q21M,R124,124,845.624987390179,5.4016,0.9166472283703503,O2,0.0
20171122,mrazomej,DNA,Q21M,R124,124,1593.8293917903513,5.171200000000001,0.907676507108844,O2,0.0
20171122,mrazomej,DNA,wt,R260,260,5024.12752171412,4.2496,0.9513244856411374,O2,0.0
20171122,mrazomej,DNA,wt,R260,260,5227.326631033386,5.3504000000000005,0.9521411933673668,O2,0.0
20171122,mrazomej,DNA,Q21A,R1220,1220,164.25316516513462,4.7104,0.9563366293488791,O2,0.0
20171122,mrazomej,DNA,Q21A,R1220,1220,227.0690027026506,3.7632000000000003,0.9368547815218151,O2,0.0
20171122,mrazomej,DNA,Q21A,R1220,1220,193.07161538601613,5.12,0.9414690403049254,O2,0.0
20171122,mrazomej,DNA,Q21A,R1220,1220,167.83361717462913,4.1728000000000005,0.9686442850028197,O2,0.0
20171122,mrazomej,DNA,Q21A,R1220,1220,173.9479554434955,5.8368,0.9239267053592034,O2,0.0
20171122,mrazomej,DNA,Q21A,R1220,1220,441.26265442715425,4.3776,0.9071162272487471,O2,0.0
20171122,mrazomej,DNA,wt,R60,60,240.82193822081717,4.7872,0.9395576315314079,O2,0.0
20171122,mrazomej,DNA,wt,R60,60,206.75215608376527,5.888,0.9664112439600094,O2,0.0
20171122,mrazomej,DNA,wt,R60,60,188.55281290768238,5.7344,0.9476653313108084,O2,0.0
20171122,mrazomej,DNA,wt,R60,60,213.35128379254263,3.2512000000000003,0.8989511855260198,O2,0.0
20171122,mrazomej,DNA,wt,R60,60,846.5419586694106,3.7376,0.9283338548724358,O2,0.0
20171122,mrazomej,DNA,wt,auto,0,164.50753658985667,3.4816000000000003,0.906761911754983,O2,0.0
20171122,mrazomej,DNA,wt,auto,0,182.1246005722386,3.584,0.9421778819832716,O2,0.0
20171122,mrazomej,DNA,wt,auto,0,203.1192821797744,4.7104,0.9517336419640676,O2,0.0
20171122,mrazomej,DNA,wt,auto,0,206.88630991435917,3.9168000000000003,0.9496206777973292,O2,0.0
20171122,mrazomej,DNA,wt,auto,0,180.28302471923803,3.6608,0.9092971507089468,O2,0.0
20171122,mrazomej,DNA,wt,R124,124,300.52930006782185,4.3264000000000005,0.9562940305995156,O2,0.0
20171122,mrazomej,DNA,wt,R124,124,185.89307083310706,4.454400000000001,0.9573132778456446,O2,0.0
20171122,mrazomej,DNA,wt,R124,124,370.79491517520023,3.8912,0.9358365618920229,O2,0.0
20171122,mrazomej,DNA,Q21A,R1220,1220,197.64039654514886,3.1232,0.8834671359514382,O2,0.0
20171122,mrazomej,DNA,Q21A,R1220,1220,290.83208919436163,4.6080000000000005,0.9584043456583623,O2,0.0
20171122,mrazomej,DNA,Q21A,R1220,1220,138.17690554597425,4.1728000000000005,0.9410593464045165,O2,0.0
20171122,mrazomej,DNA,Q21A,R1220,1220,199.80649844226875,4.736000000000001,0.9461768440719281,O2,0.0
20171122,mrazomej,DNA,Q21A,R1220,1220,192.27163368079061,3.4048000000000003,0.8461813082119249,O2,0.0
20171122,mrazomej,DNA,wt,auto,0,269.46621007412875,2.9696000000000002,0.8978631636014766,O2,0.0
20171122,mrazomej,DNA,wt,auto,0,217.34719374770205,3.9936000000000003,0.9538073113140598,O2,0.0
20171122,mrazomej,DNA,wt,auto,0,207.83958775441522,2.7136,0.8795799517613847,O2,0.0
20171122,mrazomej,DNA,wt,auto,0,144.0455305763065,3.0208,0.8949202359817021,O2,0.0
20171122,mrazomej,DNA,wt,auto,0,166.4507635412346,2.9696000000000002,0.9219711722752667,O2,0.0
20171122,mrazomej,DNA,wt,auto,0,149.22164599225871,4.5312,0.9625365113396462,O2,0.0
20171122,mrazomej,DNA,wt,R124,124,379.9258062150112,4.8384,0.9633813954932763,O2,0.0
20171122,mrazomej,DNA,wt,R124,124,202.00227464742457,4.4288,0.9567065103744115,O2,0.0
20171122,mrazomej,DNA,wt,R124,124,156.9804806232083,3.9424,0.923192011411122,O2,0.0
20171122,mrazomej,DNA,wt,R124,124,337.0425436736667,5.632000000000001,0.929755790162902,O2,0.0
20171122,mrazomej,DNA,wt,R124,124,409.4165887501411,5.913600000000001,0.9740107099888117,O2,0.0
20171122,mrazomej,DNA,wt,R124,124,444.1087718298324,4.2496,0.9441435228871412,O2,0.0
20171122,mrazomej,DNA,wt,R60,60,260.4060411246475,4.454400000000001,0.9517071394427958,O2,0.0
20171122,mrazomej,DNA,wt,R60,60,350.7315424619943,4.1216,0.958632883783663,O2,0.0
20171122,mrazomej,DNA,wt,R60,60,448.65746225496764,4.3776,0.9428901764738086,O2,0.0
20171122,mrazomej,DNA,wt,R60,60,596.8038822970708,4.2752,0.9544740907214078,O2,0.0
20171122,mrazomej,DNA,wt,R60,60,385.8045270619636,5.6064,0.9560304603904495,O2,0.0
20171122,mrazomej,DNA,wt,R60,60,364.4732654421702,5.6576,0.8948599255854659,O2,0.0
20171122,mrazomej,DNA,wt,R60,60,630.7221926059246,4.2496,0.9428319890586851,O2,0.0
20171122,mrazomej,DNA,Y20I,R60,60,2646.6315019372414,5.043200000000001,0.9384205357281394,O2,0.0
20171122,mrazomej,DNA,Y20I,R60,60,3203.1875046859823,5.376,0.9328067818829576,O2,0.0
20171122,mrazomej,DNA,Q21M,R124,124,909.9891754648452,4.889600000000001,0.9618962123843892,O2,0.0
20171122,mrazomej,DNA,Q21M,R124,124,1625.2838320924616,4.6080000000000005,0.9419600953731262,O2,0.0
20171122,mrazomej,DNA,Q21M,R124,124,713.3584120011357,5.2736,0.935910776336933,O2,0.0
20171122,mrazomej,DNA,Q21M,R124,124,1440.3272130311689,4.1472,0.9465800698077081,O2,0.0
20171122,mrazomej,DNA,Q21M,R124,124,1043.9198939358384,2.8416,0.909399691817695,O2,0.0
20171122,mrazomej,DNA,Y20I,R60,60,3249.265544916141,4.8384,0.9659546600839142,O2,0.0
20171122,mrazomej,DNA,Y20I,R60,60,4959.687785484506,5.248,0.9651671935299354,O2,0.0
20171122,mrazomej,DNA,Y20I,R60,60,6006.654682203169,4.300800000000001,0.93002163048429,O2,0.0
20171122,mrazomej,DNA,Y20I,R60,60,5629.492370735531,5.171200000000001,0.957698149838371,O2,0.0
20171122,mrazomej,DNA,wt,R124,124,251.96623821822598,3.8656,0.9543670141632187,O2,0.0
20171122,mrazomej,DNA,wt,R124,124,170.4286947019488,3.9168000000000003,0.9501954411223437,O2,0.0
20171122,mrazomej,DNA,wt,R124,124,238.292712022971,3.5328000000000004,0.911588050958078,O2,0.0
20171122,mrazomej,DNA,Q21A,R1220,1220,175.62104015024926,5.0944,0.9368716930141198,O2,0.0
20171122,mrazomej,DNA,Q21A,R1220,1220,198.04203714378306,4.736000000000001,0.951475358158038,O2,0.0
20171122,mrazomej,DNA,Q21A,R1220,1220,209.8202496614629,5.171200000000001,0.9272816197527218,O2,0.0
20171122,mrazomej,DNA,wt,auto,0,156.17883893755513,4.6848,0.9542128598931434,O2,0.0
20171122,mrazomej,DNA,wt,auto,0,150.02220070079332,3.2512000000000003,0.9121435387597143,O2,0.0
20171122,mrazomej,DNA,wt,auto,0,141.01941590111466,3.2768,0.9168122929394651,O2,0.0
20171122,mrazomej,DNA,wt,auto,0,161.747849825183,5.6576,0.9720478754329664,O2,0.0
20171122,mrazomej,DNA,wt,auto,0,132.05439609144892,3.7376,0.868071112388471,O2,0.0
20171122,mrazomej,DNA,wt,auto,0,170.54645345919388,3.7632000000000003,0.8722233949882444,O2,0.0
20171122,mrazomej,DNA,wt,R60,60,375.1599066517739,4.6336,0.9563635848288374,O2,0.0
20171122,mrazomej,DNA,wt,R60,60,856.7146209986313,4.096,0.9599896906953334,O2,0.0
20171122,mrazomej,DNA,wt,R60,60,266.7191137283001,3.7376,0.9328272836618645,O2,0.0
20171122,mrazomej,DNA,wt,R60,60,604.5119306949554,4.992,0.9702937297822022,O2,0.0
20171122,mrazomej,DNA,wt,R60,60,275.1568593276691,4.736000000000001,0.9341858976996438,O2,0.0
20171122,mrazomej,DNA,Q21A,R1220,1220,412.9144890614104,3.2256,0.9047066327740099,O2,0.0
20171122,mrazomej,DNA,Q21A,R1220,1220,597.1237220075911,3.5328000000000004,0.9182563297081239,O2,0.0
20171122,mrazomej,DNA,Q21A,R1220,1220,273.3423630208007,3.6864000000000003,0.9310114704762592,O2,0.0
20171122,mrazomej,DNA,Q21A,R1220,1220,211.78211516301562,5.171200000000001,0.8953972527283376,O2,0.0
20171122,mrazomej,DNA,Q21A,R1220,1220,293.1060794572284,2.9184,0.8924542268676323,O2,0.0
20171122,mrazomej,DNA,Q21A,R1220,1220,317.4530801099134,5.7856000000000005,0.9588713259801883,O2,0.0
20171122,mrazomej,DNA,Q21A,R1220,1220,1018.8373012742082,3.9424,0.9066963243932914,O2,0.0
20171122,mrazomej,DNA,wt,R124,124,804.7901217780795,2.9696000000000002,0.8739167723896615,O2,0.0
20171122,mrazomej,DNA,wt,R124,124,346.8386868628307,5.043200000000001,0.9648896199638345,O2,0.0
20171122,mrazomej,DNA,wt,R124,124,245.95694207912257,4.1728000000000005,0.9353536281486357,O2,0.0
20171122,mrazomej,DNA,wt,R124,124,287.29249626927424,4.352,0.9216680557498895,O2,0.0
20171122,mrazomej,DNA,wt,R124,124,272.4558545652578,3.8144,0.9346509681230808,O2,0.0
20171122,mrazomej,DNA,wt,R124,124,274.1032863093905,5.6576,0.9628411855440185,O2,0.0
20171122,mrazomej,DNA,wt,R124,124,827.9397666166585,5.171200000000001,0.9631569155692185,O2,0.0
20171122,mrazomej,DNA,wt,R124,124,343.27342335260596,5.4016,0.9429901902257816,O2,0.0
20171122,mrazomej,DNA,wt,R60,60,249.1214223993815,2.8416,0.9097780798480395,O2,0.0
20171122,mrazomej,DNA,wt,R60,60,242.69609166601535,4.9664,0.959305834772038,O2,0.0
20171122,mrazomej,DNA,wt,R60,60,356.9044444313263,3.3536,0.9107499293063922,O2,0.0
20171122,mrazomej,DNA,wt,R60,60,565.4038864923062,3.9168000000000003,0.9363705977837482,O2,0.0
20171122,mrazomej,DNA,wt,auto,0,175.9706242743767,3.7888,0.9364013719025451,O2,0.0
20171122,mrazomej,DNA,wt,auto,0,179.10348762687153,3.3280000000000003,0.9223865771290157,O2,0.0
20171122,mrazomej,DNA,Q21M,R124,124,1565.4487202629634,5.8368,0.89350839842723,O2,0.0
20171122,mrazomej,DNA,Q21M,R124,124,584.821935237672,5.7344,0.9228394703552512,O2,0.0
20171122,mrazomej,DNA,Q21M,R124,124,416.74075968012323,5.4528,0.9130498088183951,O2,0.0
20171122,mrazomej,DNA,Q21M,R124,124,761.0676678431225,5.7344,0.9185539686457216,O2,0.0
20171122,mrazomej,DNA,Q21M,R124,124,842.6069332218336,5.12,0.9374584429182246,O2,0.0
20171122,mrazomej,DNA,Q21A,R1220,1220,202.3336454375522,5.2992,0.8766806418017239,O2,0.0
20171122,mrazomej,DNA,Q21A,R1220,1220,179.25403341423802,4.5824,0.9660243804301736,O2,0.0
20171122,mrazomej,DNA,Q21A,R1220,1220,172.64739884508066,4.4288,0.9497882384252011,O2,0.0
20171122,mrazomej,DNA,Q21A,R1220,1220,182.11886015905893,4.9408,0.9382840642311351,O2,0.0
20171122,mrazomej,DNA,Q21A,R1220,1220,222.36005946814544,5.4016,0.9535415838698208,O2,0.0
20171122,mrazomej,DNA,wt,R260,260,2703.31409560439,3.8144,0.9246273568110219,O2,0.0
20171122,mrazomej,DNA,wt,R260,260,1988.0296691256247,3.456,0.9325562987995277,O2,0.0
20171122,mrazomej,DNA,wt,R260,260,3238.2278254092525,4.6848,0.9466292776540268,O2,0.0
20171122,mrazomej,DNA,wt,R260,260,1725.8965150877077,4.5824,0.954348341705031,O2,0.0
20171122,mrazomej,DNA,wt,R260,260,3616.90539592104,4.7872,0.9683757643728803,O2,0.0
20171122,mrazomej,DNA,wt,R260,260,2500.8461757258565,5.5040000000000004,0.9246745907363141,O2,0.0
20171122,mrazomej,DNA,wt,R260,260,5382.617905037159,3.9168000000000003,0.9553310692672835,O2,0.0
20171122,mrazomej,DNA,wt,R260,260,1388.0190038591265,4.3264000000000005,0.9322733671564887,O2,0.0
20171122,mrazomej,DNA,Y20I,R60,60,5230.299142164954,4.8384,0.9569512551371889,O2,0.0
20171122,mrazomej,DNA,Q21M,R124,124,859.0508317273661,4.1728000000000005,0.9596146280349312,O2,0.0
20171122,mrazomej,DNA,Q21M,R124,124,1036.7977810223485,4.2496,0.9476773424742007,O2,0.0
20171122,mrazomej,DNA,Q21M,R124,124,522.040322456669,4.352,0.9102778980293555,O2,0.0
20171122,mrazomej,DNA,Q21M,R124,124,946.0913129897435,4.48,0.9516766633894762,O2,0.0
20171122,mrazomej,DNA,Q21M,R124,124,778.166303169201,3.9936000000000003,0.9529422279278523,O2,0.0
20171122,mrazomej,DNA,Q21M,R124,124,989.9440962216572,2.7392000000000003,0.9180186684563616,O2,0.0
20171122,mrazomej,DNA,Q21M,R124,124,847.8543963369278,5.3504000000000005,0.885821923340326,O2,0.0
20171122,mrazomej,DNA,Q21M,R124,124,618.0289747557423,5.3504000000000005,0.9224781586812493,O2,0.0
20171122,mrazomej,DNA,Q21M,R124,124,837.9629184026232,5.376,0.9397209220678471,O2,0.0
20171122,mrazomej,DNA,Y20I,R60,60,2931.03757883395,4.7104,0.957310586327267,O2,0.0
20171122,mrazomej,DNA,Y20I,R60,60,4322.523253146084,3.3536,0.9076856575820205,O2,0.0
20171122,mrazomej,DNA,Y20I,R60,60,4150.237724701403,5.4272,0.9535199825442927,O2,0.0
20171122,mrazomej,DNA,wt,auto,0,151.95235064316606,4.992,0.9671324383337826,O2,0.0
20171122,mrazomej,DNA,wt,auto,0,179.11849250732635,3.712,0.9358785656603601,O2,0.0
20171122,mrazomej,DNA,wt,auto,0,179.86621471618292,3.5328000000000004,0.9385021101624423,O2,0.0
20171122,mrazomej,DNA,wt,auto,0,212.26159620430934,3.1744000000000003,0.9027241814793537,O2,0.0
20171122,mrazomej,DNA,wt,auto,0,193.23555194092344,4.7104,0.9526224239662989,O2,0.0
20171122,mrazomej,DNA,wt,auto,0,163.28683699182827,5.248,0.954878686913364,O2,0.0
20171122,mrazomej,DNA,wt,R1220,1220,1419.6173933128166,5.2224,0.9491831557446775,O2,0.0
20171122,mrazomej,DNA,wt,R1220,1220,1451.0637338298816,5.2736,0.9084395165636939,O2,0.0
20171122,mrazomej,DNA,wt,R1220,1220,756.7864794728486,5.2224,0.9524297653668693,O2,0.0
20171122,mrazomej,DNA,wt,R1220,1220,906.61409525179,5.2224,0.9508558334982412,O2,0.0
20171122,mrazomej,DNA,Y20I,R124,124,8702.24567260763,4.9664,0.9613942463336077,O2,0.0
20171122,mrazomej,DNA,Y20I,R124,124,9604.510228225914,5.3504000000000005,0.9621411192460781,O2,0.0
20171122,mrazomej,DNA,Y20I,R260,260,2845.6136571542593,3.5584000000000002,0.9101965981068788,O2,0.0
20171122,mrazomej,DNA,Y20I,R260,260,1822.2938200302683,4.9664,0.935943322540912,O2,0.0
20171122,mrazomej,DNA,Y20I,R260,260,2911.9824827784164,5.5808,0.9630211516872078,O2,0.0
20171122,mrazomej,DNA,Y20I,R260,260,1490.6702965844197,4.6080000000000005,0.9508547639875193,O2,0.0
20171122,mrazomej,DNA,Y20I,R260,260,2323.691032232168,5.0176,0.9459833406111419,O2,0.0
20171122,mrazomej,DNA,Y20I,R124,124,3641.7922676381895,3.968,0.9414623614349658,O2,0.0
20171122,mrazomej,DNA,Y20I,R124,124,5618.330877840312,3.6864000000000003,0.9381546463289759,O2,0.0
20171122,mrazomej,DNA,Y20I,R124,124,5829.801365376567,4.3776,0.9607883150533136,O2,0.0
20171122,mrazomej,DNA,Y20I,R124,124,7744.094920889631,5.4016,0.9686283668696676,O2,0.0
20171122,mrazomej,DNA,Y20I,R124,124,7023.146538341137,4.3264000000000005,0.8921526754729897,O2,0.0
20171122,mrazomej,DNA,Y20I,R124,124,6647.23192733301,4.9664,0.9292380739786041,O2,0.0
20171122,mrazomej,DNA,Y20I,R124,124,5487.313282775921,3.0464,0.898559895352966,O2,0.0
20171122,mrazomej,DNA,wt,R1220,1220,937.559476480453,5.1456,0.960343999141534,O2,0.0
20171122,mrazomej,DNA,wt,R1220,1220,1118.345026404186,5.4016,0.9387094583519652,O2,0.0
20171122,mrazomej,DNA,wt,R1220,1220,1046.7983822894776,4.7104,0.9491431357276239,O2,0.0
20171122,mrazomej,DNA,wt,R1220,1220,1154.951982200726,4.7616000000000005,0.9710648801795079,O2,0.0
20171122,mrazomej,DNA,wt,R1220,1220,1168.0570199245958,3.7888,0.9171802432406595,O2,0.0
20171122,mrazomej,DNA,Y20I,R260,260,1943.549446564094,2.7648,0.9097634850057446,O2,0.0
20171122,mrazomej,DNA,Y20I,R260,260,2591.050206977153,5.7344,0.9631788769091004,O2,0.0
20171122,mrazomej,DNA,Y20I,R260,260,2485.023364169545,4.48,0.9232972558746166,O2,0.0
20171122,mrazomej,DNA,Y20I,R260,260,5894.656798976638,3.584,0.9329658873660136,O2,0.0
20171122,mrazomej,DNA,wt,delta,0,3432.9054082277366,3.0976000000000004,0.8854396693017921,O2,0.0
20171122,mrazomej,DNA,wt,delta,0,11300.35541557001,4.7872,0.9679583785815168,O2,0.0
20171122,mrazomej,DNA,wt,delta,0,4274.321040639893,4.6336,0.9688499695850799,O2,0.0
20171122,mrazomej,DNA,wt,delta,0,7718.175049429487,3.6864000000000003,0.9388149859042277,O2,0.0
20171122,mrazomej,DNA,wt,delta,0,2864.2032469517785,4.4032,0.967175036928391,O2,0.0
20171122,mrazomej,DNA,wt,delta,0,9465.28564632266,4.3264000000000005,0.9548145478896126,O2,0.0
20171122,mrazomej,DNA,Q21A,R260,260,2228.552891468446,4.0192000000000005,0.9388881507184222,O2,0.0
20171122,mrazomej,DNA,Q21A,R260,260,3488.2454226342657,4.096,0.9133290682001224,O2,0.0
20171122,mrazomej,DNA,Q21A,R260,260,3826.9374895600276,3.8400000000000003,0.82974023300768,O2,0.0
20171122,mrazomej,DNA,Q21A,R60,60,8710.636389147176,5.1456,0.9389281848600569,O2,0.0
20171122,mrazomej,DNA,Q21A,R60,60,7579.030691684055,4.6592,0.9586489347487394,O2,0.0
20171122,mrazomej,DNA,wt,R60,60,808.2027931987064,3.3024,0.9184752891429778,O2,0.0
20171122,mrazomej,DNA,wt,R60,60,506.46395103284584,3.5072,0.9208269974300408,O2,0.0
20171122,mrazomej,DNA,Q21A,R1220,1220,257.35193540904345,4.4288,0.9638203316312248,O2,0.0
20171122,mrazomej,DNA,Q21A,R1220,1220,166.74826081294344,5.6832,0.9387063108494198,O2,0.0
20171122,mrazomej,DNA,Q21A,R1220,1220,148.64584257056094,3.9936000000000003,0.9445630505950247,O2,0.0
20171122,mrazomej,DNA,Q21A,R1220,1220,194.07456067606262,4.096,0.9294253210616368,O2,0.0
20171122,mrazomej,DNA,wt,R1220,1220,1462.8509762191195,5.8368,0.9601714262203789,O2,0.0
20171122,mrazomej,DNA,wt,R1220,1220,1250.2132931719334,3.9168000000000003,0.9524428255769113,O2,0.0
20171122,mrazomej,DNA,wt,R1220,1220,1420.4693369955214,4.6336,0.9554270764377549,O2,0.0
20171122,mrazomej,DNA,wt,R1220,1220,2404.3023047988427,3.6608,0.9467304671101505,O2,0.0
20171122,mrazomej,DNA,wt,R1220,1220,1102.0865530976866,3.5328000000000004,0.9039817594528837,O2,0.0
20171122,mrazomej,DNA,wt,R1220,1220,712.3278570813495,5.171200000000001,0.9154058818638037,O2,0.0
20171122,mrazomej,DNA,wt,R1220,1220,1579.0880161821706,4.889600000000001,0.9515801165517205,O2,0.0
20171122,mrazomej,DNA,wt,R60,60,262.0934131816617,3.584,0.929760951915922,O2,0.0
20171122,mrazomej,DNA,wt,R60,60,217.99055818272276,5.7088,0.9691675996354958,O2,0.0
20171122,mrazomej,DNA,Q21A,R60,60,8054.114657432873,5.5296,0.9804095362195849,O2,0.0
20171122,mrazomej,DNA,Q21A,R60,60,11274.01579169082,3.6352,0.9253012073205036,O2,0.0
20171122,mrazomej,DNA,Q21A,R60,60,9293.900926459115,5.632000000000001,0.9377238918046275,O2,0.0
20171122,mrazomej,DNA,Q21A,R60,60,6666.1785489026015,3.8656,0.8956245065518745,O2,0.0
20171122,mrazomej,DNA,Q21A,R260,260,1726.736916419822,5.2224,0.9580134861194046,O2,0.0
20171122,mrazomej,DNA,Q21A,R260,260,1687.5223865979356,3.9424,0.9222090297067995,O2,0.0
20171122,mrazomej,DNA,Q21A,R260,260,2852.045984386665,5.043200000000001,0.9485290078713468,O2,0.0
20171122,mrazomej,DNA,wt,delta,0,1586.7027132968344,3.712,0.9333887041815343,O2,0.0
20171122,mrazomej,DNA,wt,delta,0,4384.758057649879,4.1472,0.9537437454134232,O2,0.0
20171122,mrazomej,DNA,wt,delta,0,14216.939142912615,4.4288,0.9631470740791798,O2,0.0
20171122,mrazomej,DNA,wt,delta,0,4052.9441139505975,3.584,0.932274911681597,O2,0.0
20171122,mrazomej,DNA,wt,delta,0,5481.398147527068,3.6608,0.9361064735061964,O2,0.0
20171122,mrazomej,DNA,wt,delta,0,12251.561217106404,4.3264000000000005,0.9393181958012757,O2,0.0
20171122,mrazomej,DNA,wt,delta,0,12133.886452907247,5.376,0.955268784218682,O2,0.0
20171122,mrazomej,DNA,wt,delta,0,10733.313297756451,5.4016,0.9626386373384247,O2,0.0
20171122,mrazomej,DNA,wt,delta,0,11650.362595197304,4.7104,0.9184023745739383,O2,0.0
20171122,mrazomej,DNA,Q21A,R1220,1220,183.17314845846968,4.2752,0.9563860595755413,O2,0.0
20171122,mrazomej,DNA,Q21A,R1220,1220,210.75080059706966,4.0448,0.9514836447966556,O2,0.0
20171122,mrazomej,DNA,Q21A,R1220,1220,128.5720682842149,5.248,0.968989362351026,O2,0.0
20171122,mrazomej,DNA,Q21A,R1220,1220,223.31175310809863,4.992,0.9336046710969161,O2,0.0
20171122,mrazomej,DNA,wt,R1220,1220,1651.070365892226,3.968,0.9504925699050486,O2,0.0
20171122,mrazomej,DNA,wt,R1220,1220,1065.8911324544702,3.3280000000000003,0.9221458276301823,O2,0.0
20171122,mrazomej,DNA,Q21A,R260,260,1372.1050576060525,5.7856000000000005,0.9371728734666672,O2,0.0
20171122,mrazomej,DNA,Q21A,R260,260,1357.5402942940589,4.736000000000001,0.9402047196813946,O2,0.0
20171122,mrazomej,DNA,wt,delta,0,7285.2536640919625,4.8128,0.8727362498503765,O2,0.0
20171122,mrazomej,DNA,wt,delta,0,5117.994699208424,3.5584000000000002,0.9313474816556954,O2,0.0
20171122,mrazomej,DNA,wt,delta,0,8630.838146903767,2.8416,0.9071969574588362,O2,0.0
20171122,mrazomej,DNA,wt,delta,0,5579.408868150078,5.1968000000000005,0.9567843200754,O2,0.0
20171122,mrazomej,DNA,wt,delta,0,4151.443182623547,4.5568,0.9613353506641001,O2,0.0
20171122,mrazomej,DNA,wt,delta,0,5043.495038583158,3.8656,0.9442657620639243,O2,0.0
20171122,mrazomej,DNA,wt,delta,0,4641.899952869082,3.584,0.897899443876225,O2,0.0
20171122,mrazomej,DNA,wt,delta,0,6955.032405594631,5.478400000000001,0.9755528417648124,O2,0.0
20171122,mrazomej,DNA,wt,delta,0,6634.62626027897,4.3776,0.9395879056113103,O2,0.0
20171122,mrazomej,DNA,wt,delta,0,6672.998044658297,5.5040000000000004,0.9739650556220292,O2,0.0
20171122,mrazomej,DNA,wt,delta,0,3348.481301792819,4.864,0.9539321723343497,O2,0.0
20171122,mrazomej,DNA,wt,delta,0,5682.670681218825,4.4288,0.9494923467505809,O2,0.0
20171122,mrazomej,DNA,Q21A,R260,260,1531.876255039772,4.1728000000000005,0.9502641285410818,O2,0.0
20171122,mrazomej,DNA,Q21A,R260,260,1972.6709149423896,4.5568,0.9559659399322021,O2,0.0
20171122,mrazomej,DNA,wt,R1220,1220,1543.763828012421,4.300800000000001,0.9588417740934342,O2,0.0
20171122,mrazomej,DNA,wt,R1220,1220,1845.6900531332356,3.0976000000000004,0.9133960479223,O2,0.0
20171122,mrazomej,DNA,wt,R1220,1220,1437.322814584225,5.760000000000001,0.96295923678557,O2,0.0
20171122,mrazomej,DNA,Y20I,R124,124,7967.989552993725,5.4016,0.959441012715862,O2,0.0
20171122,mrazomej,DNA,Y20I,R124,124,3509.3463463019166,5.1968000000000005,0.9346462690250937,O2,0.0
20171122,mrazomej,DNA,Y20I,R124,124,5689.909406536055,5.6832,0.9529700190066136,O2,0.0
20171122,mrazomej,DNA,Y20I,R260,260,1501.6897510238255,4.7872,0.9643669371954091,O2,0.0
20171122,mrazomej,DNA,Y20I,R260,260,3310.797160429207,5.8368,0.9575018920596068,O2,0.0
20171122,mrazomej,DNA,Y20I,R124,124,5393.5992663482975,5.913600000000001,0.9617978292096016,O2,0.0
20171122,mrazomej,DNA,Y20I,R124,124,7820.362636934524,5.6064,0.9338994883785844,O2,0.0
20171122,mrazomej,DNA,Y20I,R124,124,8852.56143610233,4.889600000000001,0.9475113982266384,O2,0.0
20171122,mrazomej,DNA,Y20I,R124,124,13524.222411233379,4.4032,0.9375657792035088,O2,0.0
20171122,mrazomej,DNA,Y20I,R124,124,7635.909628884504,3.9424,0.8899362070085611,O2,0.0
20171122,mrazomej,DNA,Y20I,R124,124,9068.266761268618,3.4048000000000003,0.86366165207177,O2,0.0
20171122,mrazomej,DNA,wt,R1220,1220,1667.7602693563672,3.8656,0.9399708552204749,O2,0.0
20171122,mrazomej,DNA,Q21M,R60,60,6599.012150735751,5.171200000000001,0.8869751205765194,O2,0.0
20171122,mrazomej,DNA,Q21M,R60,60,5787.932674126941,4.8384,0.9007448738433989,O2,0.0
20171122,mrazomej,DNA,Q21M,R60,60,12071.350678846919,5.2992,0.8885882779646499,O2,0.0
20171122,mrazomej,DNA,Q21M,R60,60,9342.193100119111,3.5328000000000004,0.9349898652955217,O2,0.0
20171122,mrazomej,DNA,Q21M,R60,60,9187.166344761692,4.5568,0.9604063974952657,O2,0.0
20171122,mrazomej,DNA,Y20I,R260,260,3285.857527961892,5.760000000000001,0.9347350742231628,O2,0.0
20171122,mrazomej,DNA,Y20I,R260,260,1559.1334427327904,4.352,0.9494559003971902,O2,0.0
20171122,mrazomej,DNA,Y20I,R260,260,2350.34280168985,5.7088,0.9116435312411463,O2,0.0
20171122,mrazomej,DNA,Y20I,R260,260,2449.40865650649,5.0176,0.9517550420153322,O2,0.0
20171122,mrazomej,DNA,Y20I,R260,260,1353.147225043608,5.4016,0.9032704979352026,O2,0.0
20171122,mrazomej,DNA,wt,auto,0,163.06527321785515,4.864,0.9592607392360001,O2,0.0
20171122,mrazomej,DNA,wt,auto,0,167.71162938731004,3.4304,0.893429749947191,O2,0.0
20171122,mrazomej,DNA,wt,auto,0,172.68845407690128,3.2512000000000003,0.9360108949887577,O2,0.0
20171122,mrazomej,DNA,wt,auto,0,212.5156938582462,2.7904,0.8103160371629008,O2,0.0
20171122,mrazomej,DNA,wt,auto,0,185.9991103499642,4.5312,0.9492829811075084,O2,0.0
20171122,mrazomej,DNA,wt,auto,0,150.13033798100977,3.5584000000000002,0.8635801343895626,O2,0.0
20171122,mrazomej,DNA,wt,auto,0,197.12701152949515,4.9152000000000005,0.9464167853267201,O2,0.0
20171122,mrazomej,DNA,wt,auto,0,257.8889272945288,3.0976000000000004,0.9060520152268383,O2,0.0
20171122,mrazomej,DNA,wt,auto,0,216.9287779444423,3.712,0.932139237560517,O2,0.0
20171122,mrazomej,DNA,wt,auto,0,231.39245896818636,5.888,0.9608974991783397,O2,0.0
20171122,mrazomej,DNA,wt,auto,0,243.2283836887528,4.992,0.9564572386927966,O2,0.0
20171122,mrazomej,DNA,wt,auto,0,213.54503686566247,3.9936000000000003,0.9382235740164302,O2,0.0
20171122,mrazomej,DNA,wt,auto,0,198.26381096172648,3.4048000000000003,0.9394997062851744,O2,0.0
20171122,mrazomej,DNA,wt,auto,0,199.64085472491237,3.584,0.9244779451175644,O2,0.0
20171122,mrazomej,DNA,wt,delta,0,9640.71735406759,2.6112,0.8672033568956126,O2,0.0
20171122,mrazomej,DNA,wt,delta,0,3725.805562798218,5.12,0.9746032831182669,O2,0.0
20171122,mrazomej,DNA,wt,delta,0,6377.5343122961685,2.8928000000000003,0.8949745647679722,O2,0.0
20171122,mrazomej,DNA,wt,delta,0,3705.4951459450044,2.4576000000000002,0.8109355232205148,O2,0.0
20171122,mrazomej,DNA,Q21A,R260,260,1868.5175398027834,5.888,0.9561941794175337,O2,0.0
20171122,mrazomej,DNA,Q21A,R260,260,1582.652939287168,5.4272,0.9384778110003907,O2,0.0
20171122,mrazomej,DNA,Q21A,R260,260,1459.01225286764,5.0688,0.9548094819575488,O2,0.0
20171122,mrazomej,DNA,wt,delta,0,11932.345752208694,4.096,0.9387382141180333,O2,0.0
20171122,mrazomej,DNA,wt,delta,0,12461.963228036897,4.2496,0.9525374171713709,O2,0.0
20171122,mrazomej,DNA,wt,delta,0,10572.434595469975,4.6848,0.9654149151716201,O2,0.0
20171122,mrazomej,DNA,wt,delta,0,3697.0301618173635,2.7648,0.8832584829388268,O2,0.0
20171122,mrazomej,DNA,wt,delta,0,2082.442546496912,4.6592,0.9580811920841745,O2,0.0
20171122,mrazomej,DNA,Q21A,R260,260,1353.689373317312,5.8368,0.9407735507397493,O2,0.0
20171122,mrazomej,DNA,wt,R1220,1220,907.0031039567743,3.584,0.9332421432133361,O2,0.0
20171122,mrazomej,DNA,wt,R1220,1220,2249.3349048089117,5.324800000000001,0.9652798675878955,O2,0.0
20171122,mrazomej,DNA,Q21A,R260,260,2917.84063685933,4.0192000000000005,0.9401709992398354,O2,0.0
20171122,mrazomej,DNA,Q21A,R260,260,2342.923114100379,4.736000000000001,0.935064470609341,O2,0.0
20171122,mrazomej,DNA,Q21A,R260,260,1615.3823500198946,5.9904,0.9237371578038353,O2,0.0
20171122,mrazomej,DNA,wt,delta,0,10272.107396783515,4.6592,0.9643977334292335,O2,0.0
20171122,mrazomej,DNA,wt,delta,0,1558.221731462874,5.0176,0.9631182701539507,O2,0.0
20171122,mrazomej,DNA,wt,delta,0,11908.462170953237,3.712,0.938284679394295,O2,0.0
20171122,mrazomej,DNA,wt,R60,60,425.62922442511,3.3536,0.9366806518149451,O2,0.0
20171122,mrazomej,DNA,wt,R60,60,585.1285149118221,3.1744000000000003,0.9076561550148552,O2,0.0
20171122,mrazomej,DNA,wt,R60,60,186.95337177454297,5.376,0.9713978568796141,O2,0.0
20171122,mrazomej,DNA,wt,R60,60,397.9465422526966,4.7104,0.9392929259876257,O2,0.0
20171122,mrazomej,DNA,Q21A,R60,60,10332.756360117626,4.9664,0.9608159463683588,O2,0.0
20171122,mrazomej,DNA,Q21A,R60,60,8477.322808640401,5.5296,0.9462662651059648,O2,0.0
20171122,mrazomej,DNA,Q21A,R1220,1220,179.63973795952424,5.632000000000001,0.9176290080831426,O2,0.0
20171122,mrazomej,DNA,Q21A,R1220,1220,126.90582730036991,5.0688,0.9418752034737157,O2,0.0
20171122,mrazomej,DNA,Q21A,R1220,1220,152.7657251260918,5.5296,0.9320855035190249,O2,0.0
20171122,mrazomej,DNA,wt,R1220,1220,1898.6881340542998,3.8144,0.9151579391629008,O2,0.0
20171122,mrazomej,DNA,wt,R1220,1220,1896.4242708864663,4.6848,0.9596432019074331,O2,0.0
20171122,mrazomej,DNA,wt,R1220,1220,3049.6992429893603,3.3024,0.9085003636016182,O2,0.0
20171122,mrazomej,DNA,wt,R1220,1220,1878.3113887506092,4.1984,0.9561459007096872,O2,0.0
20171122,mrazomej,DNA,wt,R1220,1220,824.0270258659558,5.376,0.9657400201659806,O2,0.0
20171122,mrazomej,DNA,wt,R1220,1220,996.4608782774976,3.9168000000000003,0.9478114875512474,O2,0.0
20171122,mrazomej,DNA,Q21A,R60,60,13059.970903536036,2.6624000000000003,0.856892563228292,O2,0.0
20171122,mrazomej,DNA,Q21A,R60,60,7612.543390437498,4.9664,0.9101310699839927,O2,0.0
20171122,mrazomej,DNA,Q21A,R60,60,10193.924210072217,3.8144,0.9324746704544452,O2,0.0
20171122,mrazomej,DNA,wt,R60,60,376.40620609381716,4.0704,0.9513285585678263,O2,0.0
20171122,mrazomej,DNA,wt,R60,60,291.44843149501116,4.6848,0.9558903597637228,O2,0.0
20171122,mrazomej,DNA,wt,delta,0,6239.903969047174,5.171200000000001,0.9618770119244041,O2,0.0
20171122,mrazomej,DNA,wt,delta,0,2766.5696395284845,3.6608,0.9366872697656048,O2,0.0
20171122,mrazomej,DNA,wt,delta,0,7515.232770425804,3.0976000000000004,0.9328718546443179,O2,0.0
20171122,mrazomej,DNA,wt,delta,0,9959.731214571713,3.456,0.91924382905873,O2,0.0
20171122,mrazomej,DNA,wt,delta,0,5056.8828593615035,2.5088,0.8525198549205716,O2,0.0
20171122,mrazomej,DNA,wt,delta,0,3849.4789612337,4.8128,0.9680374530420243,O2,0.0
20171122,mrazomej,DNA,wt,delta,0,4483.622574642236,3.968,0.9490150265287658,O2,0.0
20171122,mrazomej,DNA,wt,delta,0,6287.416410284058,3.8144,0.9290661576422757,O2,0.0
20171122,mrazomej,DNA,wt,R1220,1220,997.8013198377595,3.456,0.9403839999552004,O2,0.0
20171122,mrazomej,DNA,wt,R1220,1220,1506.1655601783245,4.0448,0.9481085699490998,O2,0.0
20171122,mrazomej,DNA,wt,R1220,1220,756.8291586348274,4.096,0.9449524116557892,O2,0.0
20171122,mrazomej,DNA,wt,R1220,1220,1075.1884244038454,3.4304,0.9029921034066528,O2,0.0
20171122,mrazomej,DNA,Q21A,R1220,1220,175.07872508777936,4.7872,0.9376430027738428,O2,0.0
20171122,mrazomej,DNA,Q21A,R1220,1220,144.5894374901776,4.5824,0.9516038535535593,O2,0.0
20171122,mrazomej,DNA,Q21A,R1220,1220,172.9315853684389,5.478400000000001,0.8993170615954701,O2,0.0
20171122,mrazomej,DNA,Q21A,R1220,1220,307.2397849827937,4.6080000000000005,0.9357928061988949,O2,0.0
20171122,mrazomej,DNA,Y20I,R1220,1220,998.4274955435028,5.4016,0.9683994110370779,O2,0.0
20171122,mrazomej,DNA,Y20I,R1220,1220,512.6600110374416,5.1456,0.9680777246609655,O2,0.0
20171122,mrazomej,DNA,Y20I,R1220,1220,1475.4039870723402,3.0464,0.8458265803528282,O2,0.0
20171122,mrazomej,DNA,Y20I,R1220,1220,1009.434051219064,4.0192000000000005,0.9542280544068313,O2,0.0
20171122,mrazomej,DNA,Q21M,R260,260,158.07559624002988,3.2512000000000003,0.9139534759717505,O2,0.0
20171122,mrazomej,DNA,Q21M,R260,260,159.23969279101885,4.9408,0.9437962460380489,O2,0.0
20171122,mrazomej,DNA,Q21M,R260,260,148.1623624904858,5.5808,0.9777622257967485,O2,0.0
20171122,mrazomej,DNA,Y20I,R1220,1220,1051.0807518517554,5.043200000000001,0.9401153773579104,O2,0.0
20171122,mrazomej,DNA,Y20I,R1220,1220,725.9837637938937,5.1968000000000005,0.9458679142869466,O2,0.0
20171122,mrazomej,DNA,Q21M,R260,260,179.2104562640673,5.7088,0.9238453404022174,O2,0.0
20171122,mrazomej,DNA,Q21M,R260,260,136.16785312491984,5.2736,0.9070148422441646,O2,0.0
20171122,mrazomej,DNA,Q21M,R260,260,133.30251316883744,3.4304,0.8558382790850163,O2,0.0
20171122,mrazomej,DNA,Q21M,R60,60,15578.797582015171,5.2224,0.9345856762416067,O2,0.0
20171122,mrazomej,DNA,Q21M,R60,60,12629.900155639321,3.456,0.9028401371618847,O2,0.0
20171122,mrazomej,DNA,Q21M,R60,60,10307.102781412133,5.171200000000001,0.8884154735649819,O2,0.0
20171122,mrazomej,DNA,Q21M,R60,60,9590.359691140897,5.248,0.9433505587956745,O2,0.0
20171122,mrazomej,DNA,Q21M,R1220,1220,181.81603805805457,4.6336,0.9412034051368424,O2,0.0
20171122,mrazomej,DNA,Q21M,R1220,1220,132.28145188322242,5.7088,0.8834124296799127,O2,0.0
20171122,mrazomej,DNA,Q21M,R1220,1220,311.97248364066763,5.1456,0.9593777055924986,O2,0.0
20171122,mrazomej,DNA,Q21M,R1220,1220,137.55504601132125,5.2992,0.9655040229398543,O2,0.0
20171122,mrazomej,DNA,Q21M,R1220,1220,159.24086248211844,4.8384,0.9139171005899002,O2,0.0
20171122,mrazomej,DNA,wt,R260,260,2606.746052488311,5.12,0.9363969083627984,O2,0.0
20171122,mrazomej,DNA,Q21A,R60,60,11766.081636691775,5.478400000000001,0.9378870660170625,O2,0.0
20171122,mrazomej,DNA,Q21A,R60,60,8381.823972791468,5.248,0.9245861868630348,O2,0.0
20171122,mrazomej,DNA,Q21A,R60,60,12668.808028573492,3.968,0.9327860356827699,O2,0.0
20171122,mrazomej,DNA,Q21M,R60,60,9883.519521831777,4.300800000000001,0.8732286448750752,O2,0.0
20171122,mrazomej,DNA,Q21M,R60,60,6174.898501630597,3.7888,0.8887780685852004,O2,0.0
20171122,mrazomej,DNA,Q21M,R60,60,12971.794664853032,5.760000000000001,0.9649110473293994,O2,0.0
20171122,mrazomej,DNA,Q21M,R60,60,12693.35773976233,4.6336,0.958070993765234,O2,0.0
20171122,mrazomej,DNA,wt,R260,260,3093.7110336906076,3.5328000000000004,0.9468611562513053,O2,0.0
20171122,mrazomej,DNA,wt,R260,260,4169.042308416343,5.1456,0.9611601304026284,O2,0.0
20171122,mrazomej,DNA,wt,R260,260,3057.3174840990023,5.12,0.9523129906176182,O2,0.0
20171122,mrazomej,DNA,Q21M,R1220,1220,127.7515636339721,5.1968000000000005,0.9484926262470769,O2,0.0
20171122,mrazomej,DNA,Q21M,R1220,1220,180.24967883027543,5.9648,0.9176763032667595,O2,0.0
20171122,mrazomej,DNA,Q21M,R1220,1220,137.7140381354569,5.2736,0.8662961874155796,O2,0.0
20171122,mrazomej,DNA,Q21M,R1220,1220,121.90593210029517,4.6336,0.9022421300573541,O2,0.0
20171122,mrazomej,DNA,Q21M,R1220,1220,180.21913116811828,5.248,0.9726924188246571,O2,0.0
20171122,mrazomej,DNA,wt,R124,124,413.4196820251175,4.8384,0.9151374512395498,O2,0.0
20171122,mrazomej,DNA,wt,R124,124,252.37173364297547,4.300800000000001,0.9610187312351653,O2,0.0
20171122,mrazomej,DNA,wt,R124,124,248.22916904240554,4.864,0.9590237571721072,O2,0.0
20171122,mrazomej,DNA,wt,R124,124,478.7048349663966,4.1472,0.9273258537341151,O2,0.0
20171122,mrazomej,DNA,wt,R124,124,645.730643336502,5.6576,0.9515287656157254,O2,0.0
20171122,mrazomej,DNA,wt,R124,124,218.94375727434573,3.584,0.936264649644287,O2,0.0
20171122,mrazomej,DNA,Q21M,R260,260,239.59899451571948,4.736000000000001,0.9023338739794807,O2,0.0
20171122,mrazomej,DNA,Q21M,R260,260,165.96885725259418,4.096,0.8867156283730845,O2,0.0
20171122,mrazomej,DNA,Q21M,R260,260,146.3765887168934,4.1728000000000005,0.9648883156967998,O2,0.0
20171122,mrazomej,DNA,Q21M,R260,260,213.2881291556242,5.4016,0.9365378533924326,O2,0.0
20171122,mrazomej,DNA,Q21M,R60,60,13186.57569063803,5.0688,0.9238046601859206,O2,0.0
20171122,mrazomej,DNA,Q21M,R60,60,8453.601234468217,5.12,0.9121699701503316,O2,0.0
20171122,mrazomej,DNA,Q21M,R60,60,15902.453491862436,2.8160000000000003,0.9115768437089121,O2,0.0
20171122,mrazomej,DNA,Q21M,R60,60,13855.37686017656,4.0448,0.9412864330957001,O2,0.0
20171122,mrazomej,DNA,Q21M,R60,60,15410.50772767297,4.736000000000001,0.9454609989274956,O2,0.0
20171122,mrazomej,DNA,wt,R124,124,498.9806281562945,4.2752,0.9619581332369742,O2,0.0
20171122,mrazomej,DNA,wt,R124,124,239.2608408437356,3.8400000000000003,0.9419345573704881,O2,0.0
20171122,mrazomej,DNA,wt,R124,124,290.89869237845,4.7616000000000005,0.9648670776457738,O2,0.0
20171122,mrazomej,DNA,Q21M,R260,260,157.52943033589054,3.3792,0.8766582338099922,O2,0.0
20171122,mrazomej,DNA,Q21M,R260,260,144.2840622593241,5.0688,0.9326922134436496,O2,0.0
20171122,mrazomej,DNA,Q21M,R260,260,168.23181586922846,4.4032,0.9128184618213243,O2,0.0
20171122,mrazomej,DNA,Q21M,R260,260,144.12439228927093,5.9904,0.9095874055918634,O2,0.0
20171122,mrazomej,DNA,Q21M,R260,260,290.97966243166456,5.6576,0.961467050727215,O2,0.0
20171122,mrazomej,DNA,Q21M,R260,260,202.60315918814462,5.171200000000001,0.9164990194473194,O2,0.0
20171122,mrazomej,DNA,Q21M,R260,260,402.60182549158077,4.48,0.9409282140702232,O2,0.0
20171122,mrazomej,DNA,Q21M,R260,260,212.63117280173884,3.4048000000000003,0.9127354669520573,O2,0.0
20171122,mrazomej,DNA,Q21M,R260,260,175.40709522475942,4.6848,0.9612171720868956,O2,0.0
20171122,mrazomej,DNA,Q21M,R260,260,179.24326360111496,3.8400000000000003,0.9394086425312195,O2,0.0
20171122,mrazomej,DNA,Y20I,R1220,1220,927.2060904209086,4.1728000000000005,0.953468127235814,O2,0.0
20171122,mrazomej,DNA,Y20I,R1220,1220,1257.5043873289937,4.48,0.9464259761564362,O2,0.0
20171122,mrazomej,DNA,Y20I,R1220,1220,2377.233450807231,4.096,0.9495665222742307,O2,0.0
20171122,mrazomej,DNA,Y20I,R1220,1220,1426.3715064941553,3.7632000000000003,0.917964297686023,O2,0.0
20171122,mrazomej,DNA,Y20I,R1220,1220,769.6100969463896,5.4528,0.9133412749513893,O2,0.0
20171122,mrazomej,DNA,wt,R124,124,738.3935921728746,5.7088,0.9549461189730786,O2,0.0
20171122,mrazomej,DNA,wt,R124,124,326.6570569811688,4.2752,0.9624156209369729,O2,0.0
20171122,mrazomej,DNA,wt,R124,124,427.6866495549021,4.0192000000000005,0.9492658773552404,O2,0.0
20171122,mrazomej,DNA,Q21M,R260,260,131.52779244298165,4.8384,0.8616252720333197,O2,0.0
20171122,mrazomej,DNA,Q21M,R260,260,168.05471830712497,5.478400000000001,0.906208522812945,O2,0.0
20171122,mrazomej,DNA,Q21M,R260,260,135.56981033935887,3.3024,0.914523889719197,O2,0.0
20171122,mrazomej,DNA,Q21M,R260,260,368.4641191865597,4.3776,0.9657133925006953,O2,0.0
20171122,mrazomej,DNA,Q21M,R260,260,125.17386486926749,5.478400000000001,0.9285700073761598,O2,0.0
20171122,mrazomej,DNA,Q21M,R260,260,159.4324460364888,5.913600000000001,0.9511155163434487,O2,0.0
20171122,mrazomej,DNA,Q21M,R260,260,153.3231694168467,5.4016,0.9471510539778841,O2,0.0
20171122,mrazomej,DNA,wt,R124,124,231.26691044407698,4.9152000000000005,0.9426654404438298,O2,0.0
20171122,mrazomej,DNA,wt,R124,124,203.458211964916,4.1472,0.9470521749829641,O2,0.0
20171122,mrazomej,DNA,wt,R124,124,420.345039739405,5.171200000000001,0.973289567586436,O2,0.0
20171122,mrazomej,DNA,wt,R124,124,483.19460156122204,4.1216,0.9527799930371549,O2,0.0
20171122,mrazomej,DNA,Q21M,R260,260,131.73574812294214,5.913600000000001,0.9542510005648713,O2,0.0
20171122,mrazomej,DNA,Q21M,R260,260,152.1832434913293,5.0176,0.9621335899353533,O2,0.0
20171122,mrazomej,DNA,Q21M,R260,260,290.19873486440594,3.7888,0.9216399667076847,O2,0.0
20171122,mrazomej,DNA,Q21M,R260,260,117.22052452813428,5.1456,0.9318152295984983,O2,0.0
20171122,mrazomej,DNA,Q21M,R260,260,154.39248224779826,3.3536,0.9223994896114641,O2,0.0
20171122,mrazomej,DNA,Q21M,R260,260,138.46537516062378,4.9664,0.917248053450139,O2,0.0
20171122,mrazomej,DNA,Q21M,R260,260,225.46371430780138,3.4304,0.9043456873344653,O2,0.0
20171122,mrazomej,DNA,Q21M,R60,60,7544.704039866844,3.7632000000000003,0.903093694110062,O2,0.0
20171122,mrazomej,DNA,Q21M,R60,60,7525.411900323123,5.3504000000000005,0.9305685617459839,O2,0.0
20171122,mrazomej,DNA,Q21M,R60,60,12763.579450310672,4.1216,0.9471803133873612,O2,0.0
20171122,mrazomej,DNA,Q21M,R60,60,10295.25512860906,4.8128,0.8990665052856968,O2,0.0
20171122,mrazomej,DNA,Q21M,R60,60,10880.159844264077,4.8384,0.9651113564363786,O2,0.0
20171122,mrazomej,DNA,wt,R260,260,1732.4729376301436,5.6576,0.9429037271509474,O2,0.0
20171122,mrazomej,DNA,wt,R260,260,1147.1320806337885,3.6096000000000004,0.9437623500415387,O2,0.0
20171122,mrazomej,DNA,wt,R260,260,5504.722956806674,4.7872,0.9281756417482073,O2,0.0
20171122,mrazomej,DNA,wt,R260,260,1892.6001939907637,4.6336,0.933128904296595,O2,0.0
20171122,mrazomej,DNA,wt,R260,260,2625.1743958798056,4.2496,0.9394499535460852,O2,0.0
20171122,mrazomej,DNA,Q21M,R1220,1220,153.2765375595548,4.736000000000001,0.9348306857473323,O2,0.0
20171122,mrazomej,DNA,Q21M,R1220,1220,123.86461197720018,5.324800000000001,0.9373673863962618,O2,0.0
20171122,mrazomej,DNA,Q21M,R1220,1220,133.97038322710097,5.7344,0.9300734682903794,O2,0.0
20171122,mrazomej,DNA,Q21M,R1220,1220,133.99291802283133,4.5056,0.9668435752452775,O2,0.0
20171122,mrazomej,DNA,Q21M,R1220,1220,167.13799171283367,4.9152000000000005,0.9489925880660367,O2,0.0
20171122,mrazomej,DNA,Q21M,R60,60,10245.669043608963,5.376,0.9473697623312407,O2,0.0
20171122,mrazomej,DNA,Q21M,R60,60,8498.07930467069,5.913600000000001,0.9630661719960228,O2,0.0
20171122,mrazomej,DNA,Q21A,R60,60,12724.084982681437,4.224,0.9603543934169402,O2,0.0
20171122,mrazomej,DNA,Q21A,R60,60,10710.509252279162,5.1968000000000005,0.9603495982792972,O2,0.0
20171122,mrazomej,DNA,Q21A,R60,60,9262.480263117577,4.992,0.923592768650084,O2,0.0
20171122,mrazomej,DNA,Q21A,R60,60,12957.278986989506,5.1456,0.93901027557012,O2,0.0
20171122,mrazomej,DNA,Q21M,R1220,1220,133.97823765940734,4.9152000000000005,0.9066796453472514,O2,0.0
20171122,mrazomej,DNA,Q21M,R1220,1220,185.89996512657066,5.7856000000000005,0.9724296451368865,O2,0.0
20171122,mrazomej,DNA,Q21M,R1220,1220,134.81825035914827,3.5584000000000002,0.9152555722261634,O2,0.0
20171122,mrazomej,DNA,wt,R260,260,5671.293368647374,4.3776,0.9641438812436621,O2,0.0
20171122,mrazomej,DNA,wt,R260,260,1480.1253426024814,3.7888,0.9334876460992756,O2,0.0
20171122,mrazomej,DNA,wt,R260,260,2698.415904121504,4.2496,0.9413833119642001,O2,0.0
20171122,mrazomej,DNA,wt,R260,260,4864.390842482055,4.5824,0.9573677076193609,O2,0.0
20171122,mrazomej,DNA,wt,R260,260,3817.8203625514584,4.7872,0.9523008887603598,O2,0.0
20171122,mrazomej,DNA,Q21A,R124,124,12604.655734572909,5.1456,0.9238313407351693,O2,0.0
20171122,mrazomej,DNA,Q21A,R124,124,9034.686699728552,4.1728000000000005,0.9283815834409966,O2,0.0
20171122,mrazomej,DNA,Q21A,R124,124,11623.28841604162,5.248,0.9599297908105432,O2,0.0
20171122,mrazomej,DNA,Q21A,R124,124,11029.060491500768,4.0448,0.9501423429296371,O2,0.0
20171122,mrazomej,DNA,Q21A,R124,124,7394.2043415670105,4.8384,0.9629316372282571,O2,0.0
20171122,mrazomej,DNA,Q21A,R124,124,9514.85628236767,4.2752,0.9456033517699349,O2,0.0
20171122,mrazomej,DNA,Q21A,R124,124,7653.338072142437,5.6064,0.9462793012928995,O2,0.0
20171122,mrazomej,DNA,Q21A,R124,124,10131.896767042153,5.760000000000001,0.93931654661534,O2,0.0
20171122,mrazomej,DNA,Q21A,R124,124,9406.905534280195,5.5808,0.9313033006039831,O2,0.0
20171122,mrazomej,DNA,Q21A,R124,124,5122.22075791862,5.632000000000001,0.9623544418403367,O2,0.0
20171122,mrazomej,DNA,Q21A,R124,124,6957.312906923104,5.478400000000001,0.8660105824052029,O2,0.0
20171122,mrazomej,DNA,Q21A,R124,124,8507.652824764617,4.352,0.9352573034387826,O2,0.0
20171122,mrazomej,DNA,Q21A,R124,124,11357.528464764006,4.48,0.9561838882700355,O2,0.0
20171122,mrazomej,DNA,Q21M,R1220,1220,164.36708054796898,4.0704,0.9334204488336352,O2,0.0
20171122,mrazomej,DNA,Q21M,R1220,1220,133.93388037689016,3.1232,0.9209215420208541,O2,0.0
20171122,mrazomej,DNA,Q21M,R1220,1220,141.71620960184626,4.2496,0.9355146525551093,O2,0.0
20171122,mrazomej,DNA,Q21M,R1220,1220,134.57421019813515,4.1216,0.9277421222075044,O2,0.0
20171122,mrazomej,DNA,Q21M,R1220,1220,145.971300408737,5.0688,0.9211194044762357,O2,0.0
20171122,mrazomej,DNA,Q21M,R1220,1220,218.4964238977393,4.1984,0.9554018926116267,O2,0.0
20171122,mrazomej,DNA,Q21M,R1220,1220,140.70294040401043,5.171200000000001,0.9311172787243178,O2,0.0
20171122,mrazomej,DNA,Q21M,R1220,1220,173.05549983365353,5.5808,0.9079329900721008,O2,0.0
20171122,mrazomej,DNA,Q21M,R1220,1220,143.65100731680906,3.3024,0.9235197628879314,O2,0.0
20171122,mrazomej,DNA,Q21A,R124,124,11310.936228685037,5.5040000000000004,0.8984016957859577,O2,0.0
20171122,mrazomej,DNA,Q21A,R124,124,10077.298476395414,5.9392000000000005,0.9166183154633706,O2,0.0
20171122,mrazomej,DNA,Q21A,R124,124,7616.704191957125,5.1456,0.9610735929746776,O2,0.0
20171122,mrazomej,DNA,Q21M,R1220,1220,138.13446986260035,3.8656,0.9130358817620071,O2,0.0
20171122,mrazomej,DNA,Q21M,R1220,1220,155.3127884121612,4.096,0.9266964006058483,O2,0.0
20171122,mrazomej,DNA,Q21M,R1220,1220,137.82355102540072,5.2224,0.9443573017319996,O2,0.0
20171122,mrazomej,DNA,Q21M,R1220,1220,198.99028764722644,5.4528,0.9402987176586132,O2,0.0
20171122,mrazomej,DNA,Q21M,R1220,1220,123.6909276535184,3.6096000000000004,0.9376662800035575,O2,0.0
20171122,mrazomej,DNA,Y20I,R1220,1220,1095.9857522400257,3.2,0.9259013579600769,O2,0.0
20171122,mrazomej,DNA,Y20I,R1220,1220,1535.2697080670691,4.7616000000000005,0.9664369010750791,O2,0.0
20171122,mrazomej,DNA,Y20I,R1220,1220,1224.7691118293358,4.1472,0.9400283032603487,O2,0.0
20171122,mrazomej,DNA,Y20I,R1220,1220,1642.7902423374626,3.6608,0.9442021260350918,O2,0.0
20171122,mrazomej,DNA,Y20I,R124,124,6711.518557147623,5.5808,0.9316946614972792,O2,0.0
20171122,mrazomej,DNA,Y20I,R124,124,8099.756669345802,5.248,0.9651137331445032,O2,0.0
20171122,mrazomej,DNA,Y20I,R124,124,9000.924729304403,5.4528,0.9619817726547498,O2,0.0
20171122,mrazomej,DNA,Y20I,R124,124,7387.061008694608,5.376,0.9424331964671256,O2,0.0
20171122,mrazomej,DNA,Y20I,R124,124,5446.707781366652,5.2992,0.9621664117013574,O2,0.0
20171122,mrazomej,DNA,Y20I,R124,124,7700.163031018796,5.043200000000001,0.9076025461578301,O2,0.0
20171122,mrazomej,DNA,Y20I,R124,124,5768.334872089758,5.6832,0.964014958384611,O2,0.0
20171122,mrazomej,DNA,Y20I,R124,124,13004.789378742762,5.7344,0.9628146603627525,O2,0.0
20171122,mrazomej,DNA,Y20I,R124,124,5579.3891756697485,4.9152000000000005,0.9580947542196687,O2,0.0
20171122,mrazomej,DNA,Y20I,R124,124,8016.99743238433,4.4032,0.9488026711899108,O2,0.0
20171122,mrazomej,DNA,Y20I,R124,124,6572.800613437936,5.0944,0.9257267674240826,O2,0.0
20171122,mrazomej,DNA,Y20I,R124,124,10305.72043807977,5.12,0.9220961999685663,O2,0.0
20171122,mrazomej,DNA,Y20I,R124,124,9070.791097751684,2.8928000000000003,0.8779924538898601,O2,0.0
20171122,mrazomej,DNA,Y20I,R124,124,7373.511754803497,5.4272,0.9239039103975261,O2,0.0
20171122,mrazomej,DNA,Y20I,R1220,1220,1116.4012033537267,5.043200000000001,0.9158776143433323,O2,0.0
20171122,mrazomej,DNA,Y20I,R1220,1220,847.9445278947106,4.6336,0.9626206429740104,O2,0.0
20171122,mrazomej,DNA,Y20I,R1220,1220,1283.9955694750734,5.7856000000000005,0.938324364165876,O2,0.0
20171122,mrazomej,DNA,Y20I,R1220,1220,830.8422221179834,4.2752,0.9534679492698063,O2,0.0
20171122,mrazomej,DNA,Y20I,R1220,1220,1121.7388641928862,4.7616000000000005,0.9488551435931302,O2,0.0
20171122,mrazomej,DNA,Y20I,R260,260,2600.3147167845013,4.5568,0.9684469017237107,O2,0.0
20171122,mrazomej,DNA,Y20I,R260,260,4078.704385585954,3.0208,0.9396257056774379,O2,0.0
20171122,mrazomej,DNA,Y20I,R260,260,3599.1394202802635,2.3040000000000003,0.8433999987875878,O2,0.0
20171122,mrazomej,DNA,Q21M,R1220,1220,134.3380101329169,4.9408,0.9201300949690007,O2,0.0
20171122,mrazomej,DNA,Q21M,R1220,1220,424.8935089228146,3.8912,0.933671766887223,O2,0.0
20171122,mrazomej,DNA,Q21M,R1220,1220,131.34879515878973,4.5312,0.9482139951105919,O2,0.0
20171122,mrazomej,DNA,Q21M,R1220,1220,146.87573872764446,3.2512000000000003,0.8501182381522536,O2,0.0
20171122,mrazomej,DNA,Q21M,R1220,1220,124.24601760226398,4.8384,0.9675191000043186,O2,0.0
20171122,mrazomej,DNA,Q21M,R1220,1220,135.472027702515,5.9392000000000005,0.9180118002661455,O2,0.0
20171122,mrazomej,DNA,Q21M,R1220,1220,139.93725703082154,5.6064,0.9667180626838012,O2,0.0
20171122,mrazomej,DNA,Q21A,R124,124,12182.528903858174,3.6096000000000004,0.9449866313019729,O2,0.0
20171122,mrazomej,DNA,Q21A,R124,124,11633.694235763736,4.1728000000000005,0.9400705348870383,O2,0.0
20171122,mrazomej,DNA,Q21A,R124,124,8876.720493751805,5.0688,0.9277112924985125,O2,0.0
20171122,mrazomej,DNA,Q21A,R124,124,10465.869325868869,3.5328000000000004,0.9140843699100714,O2,0.0
20171122,mrazomej,DNA,Q21M,R1220,1220,151.26913875850937,5.8112,0.9076994927007118,O2,0.0
20171122,mrazomej,DNA,Q21M,R1220,1220,133.40753840012582,4.9408,0.9699479088502814,O2,0.0
20171122,mrazomej,DNA,Q21M,R1220,1220,136.93367739398354,4.1984,0.9317221727229249,O2,0.0
20171122,mrazomej,DNA,Q21M,R1220,1220,143.74273387158883,4.454400000000001,0.9122616353225753,O2,0.0
20171122,mrazomej,DNA,Q21M,R1220,1220,136.41369697291734,4.9664,0.9109227830874028,O2,0.0
20171122,mrazomej,DNA,Q21A,R124,124,11460.006396799838,4.6848,0.8917075665735976,O2,0.0
20171122,mrazomej,DNA,Q21A,R124,124,13786.966533569808,4.2752,0.9139755798426262,O2,0.0
20171122,mrazomej,DNA,Q21A,R124,124,11220.17160070269,3.072,0.8964298157285525,O2,0.0
20171122,mrazomej,DNA,Q21A,R124,124,10345.038505993864,5.4016,0.9436595710019741,O2,0.0
20171122,mrazomej,DNA,Q21A,R124,124,9528.556282639878,5.2736,0.9377373159414047,O2,0.0
20171122,mrazomej,DNA,Q21A,R124,124,9519.684018047448,3.8656,0.9545508165446349,O2,0.0
20171122,mrazomej,DNA,Q21A,R124,124,12766.54500154925,5.5808,0.9616843121167672,O2,0.0
20171122,mrazomej,DNA,Y20I,R124,124,7181.878020265693,4.6592,0.962840022156594,O2,0.0
20171122,mrazomej,DNA,Y20I,R124,124,4959.254043450509,4.8384,0.959502589545216,O2,0.0
20171122,mrazomej,DNA,Y20I,R124,124,6281.951912050517,4.9664,0.9720633440753773,O2,0.0
20171122,mrazomej,DNA,Y20I,R1220,1220,2470.1787059032495,5.4528,0.9232061481440604,O2,0.0
20171122,mrazomej,DNA,Y20I,R1220,1220,624.8138176516964,2.7392000000000003,0.8228280060861627,O2,0.0
20171122,mrazomej,DNA,Y20I,R260,260,3164.6329969322687,3.6864000000000003,0.9414465961395059,O2,0.0
20171122,mrazomej,DNA,Y20I,R260,260,3463.1418494155405,4.9152000000000005,0.9102433626176826,O2,0.0
20171122,mrazomej,DNA,Y20I,R260,260,3681.2088524042906,4.7616000000000005,0.8966750945282108,O2,0.0
20171122,mrazomej,DNA,Y20I,R1220,1220,1277.2768781121197,3.7632000000000003,0.9179321344176274,O2,0.0
20171122,mrazomej,DNA,Y20I,R1220,1220,720.4635624153302,5.9648,0.9140057775152298,O2,0.0
20171122,mrazomej,DNA,Y20I,R1220,1220,1020.088136269564,4.3776,0.9477216549031028,O2,0.0
20171122,mrazomej,DNA,Y20I,R1220,1220,2315.526638130413,5.4016,0.9633807228605634,O2,0.0
20171122,mrazomej,DNA,Y20I,R1220,1220,1694.7359440555422,3.8656,0.9072868560853103,O2,0.0
20171122,mrazomej,DNA,Y20I,R124,124,2709.5382305695703,4.5312,0.9498982137048226,O2,0.0
20171122,mrazomej,DNA,Y20I,R124,124,6095.840396352977,4.4288,0.9633269349206959,O2,0.0
20171122,mrazomej,DNA,Y20I,R124,124,11367.367996233856,5.0176,0.9605017668761511,O2,0.0
20171122,mrazomej,DNA,Y20I,R124,124,9660.093805202861,3.0464,0.9140388960873337,O2,0.0
20171122,mrazomej,DNA,Y20I,R124,124,10782.754694508527,4.7104,0.9487712280439778,O2,0.0
20171122,mrazomej,DNA,Y20I,R124,124,6992.075494793883,4.3264000000000005,0.9212210185907611,O2,0.0
20171122,mrazomej,DNA,Q21M,R124,124,744.227612925668,4.6080000000000005,0.9363335738362697,O2,0.0
20171122,mrazomej,DNA,Q21M,R124,124,1643.7285622324714,4.48,0.8904366616802588,O2,0.0
20171122,mrazomej,DNA,Q21M,R124,124,761.9259631196106,5.376,0.9640800688348492,O2,0.0
20171122,mrazomej,DNA,Q21M,R124,124,591.8833545771226,5.4016,0.9400619644182442,O2,0.0
20171122,mrazomej,DNA,Q21M,R124,124,1220.048645032064,4.3776,0.8903627004927137,O2,0.0
20171122,mrazomej,DNA,Y20I,R60,60,3832.8718644712385,4.4032,0.9432527021813863,O2,0.0
20171122,mrazomej,DNA,Y20I,R60,60,6399.730316534602,4.9152000000000005,0.947449244172426,O2,0.0
20171122,mrazomej,DNA,Y20I,R60,60,2523.89834549645,5.0944,0.95802561279233,O2,0.0
20171122,mrazomej,DNA,Y20I,R60,60,3747.307166245572,4.096,0.921077793756526,O2,0.0
20171122,mrazomej,DNA,Q21M,R124,124,1204.557707986613,5.9648,0.9586639035937763,O2,0.0
20171122,mrazomej,DNA,Q21M,R124,124,599.399791775223,5.7344,0.9295989994205129,O2,0.0
20171122,mrazomej,DNA,Q21M,R124,124,652.8646807601152,4.4032,0.9256109332806545,O2,0.0
20171122,mrazomej,DNA,Q21M,R124,124,792.375887843484,5.6064,0.9174018616399565,O2,0.0
20171122,mrazomej,DNA,Q21M,R124,124,2278.4372306460923,5.4528,0.9644038539502932,O2,0.0
20171122,mrazomej,DNA,Q21M,R124,124,1106.0012691453717,4.1216,0.9404439529161566,O2,0.0
20171122,mrazomej,DNA,Q21M,R124,124,1616.2654879930217,4.889600000000001,0.9658236858908849,O2,0.0
20171122,mrazomej,DNA,Q21M,R124,124,588.1331045035646,5.324800000000001,0.9388106814650917,O2,0.0
20171122,mrazomej,DNA,Q21M,R124,124,1201.0221244175898,4.8384,0.9379675214957635,O2,0.0
20171122,mrazomej,DNA,Q21M,R124,124,772.7872736759832,4.2752,0.8977763481913414,O2,0.0
20171122,mrazomej,DNA,Q21M,R124,124,781.5600300574413,4.5568,0.9486799010372111,O2,0.0
20171122,mrazomej,DNA,Q21M,R124,124,1019.6592115041609,3.8912,0.9171669818876005,O2,0.0
20171122,mrazomej,DNA,Q21M,R124,124,710.089763045081,5.248,0.9073128130612678,O2,0.0
20171122,mrazomej,DNA,Q21M,R124,124,608.8615354723837,5.5552,0.9309427010910377,O2,0.0
20171122,mrazomej,DNA,Q21M,R124,124,1347.875660175703,4.6336,0.9532557784609388,O2,0.0
20171122,mrazomej,DNA,Q21M,R124,124,619.4849847893483,3.0976000000000004,0.9213851359831631,O2,0.0
20171122,mrazomej,DNA,Q21M,R124,124,1019.135064135202,5.12,0.8878190753216679,O2,0.0
20171122,mrazomej,DNA,Q21M,R124,124,1405.8094026507315,3.8144,0.9527609049903428,O2,0.0
20171122,mrazomej,DNA,Q21M,R124,124,1207.4126252580127,5.5552,0.8997541208942192,O2,0.0
20171122,mrazomej,DNA,Q21M,R124,124,971.9449646287488,5.2736,0.9189418809728179,O2,0.0
20171122,mrazomej,DNA,wt,R260,260,3122.7933926624114,4.454400000000001,0.9632756363828817,O2,0.0
20171122,mrazomej,DNA,wt,R260,260,5169.890119436756,4.5312,0.9640212296679488,O2,0.0
20171122,mrazomej,DNA,wt,R260,260,2546.500911574749,3.6608,0.9268695000314253,O2,0.0
20171122,mrazomej,DNA,Q21M,R124,124,531.7224820768231,4.864,0.9250917473720549,O2,0.0
20171122,mrazomej,DNA,Q21M,R124,124,724.5055646109759,5.7088,0.9064472092149619,O2,0.0
20171122,mrazomej,DNA,Q21M,R124,124,1185.5501393568993,4.6848,0.930008764508219,O2,0.0
20171122,mrazomej,DNA,Q21M,R124,124,425.1346033123344,5.4016,0.9545675120338373,O2,0.0
20171122,mrazomej,DNA,Q21M,R124,124,462.940756597456,5.4016,0.9211420032769858,O2,0.0
20171122,mrazomej,DNA,Q21M,R124,124,603.6377207801148,4.9152000000000005,0.9246728030104041,O2,0.0
20171122,mrazomej,DNA,Q21M,R124,124,1156.2491978000037,5.248,0.9675036575401043,O2,0.0
20171122,mrazomej,DNA,wt,R260,260,2073.294897359357,4.5056,0.9627549643054987,O2,0.0
20171122,mrazomej,DNA,wt,R260,260,4495.933921111074,4.6848,0.9427745312325704,O2,0.0
20171122,mrazomej,DNA,wt,R260,260,1321.7631012510165,3.7888,0.955118717097364,O2,0.0
20171122,mrazomej,DNA,wt,R260,260,1769.9914157267854,4.864,0.9364490828341233,O2,0.0
20171122,mrazomej,DNA,wt,R124,124,347.4196126714985,4.454400000000001,0.9628140633187449,O2,0.0
20171122,mrazomej,DNA,wt,R124,124,566.3725324735302,5.6832,0.9623147434442376,O2,0.0
20171122,mrazomej,DNA,wt,R124,124,647.1640864778669,2.5856000000000003,0.8532466950037316,O2,0.0
20171122,mrazomej,DNA,wt,R124,124,255.14137826737363,4.6336,0.9614848948617883,O2,0.0
20171122,mrazomej,DNA,wt,R124,124,232.19755444346958,4.2496,0.9573339917739175,O2,0.0
20171122,mrazomej,DNA,wt,R124,124,216.68178203280044,5.8368,0.9455672117089522,O2,0.0
20171122,mrazomej,DNA,Q21A,R1220,1220,164.6841320968042,3.8144,0.9458053104992107,O2,0.0
20171122,mrazomej,DNA,Q21A,R1220,1220,281.4925530688928,4.352,0.9609731178419323,O2,0.0
20171122,mrazomej,DNA,Q21A,R1220,1220,391.2402402741247,5.8368,0.9637238668359625,O2,0.0
20171122,mrazomej,DNA,Q21A,R1220,1220,278.8710551780961,4.3776,0.9524537505208784,O2,0.0
20171122,mrazomej,DNA,Q21A,R1220,1220,146.54114290257792,4.736000000000001,0.9412398892536183,O2,0.0
20171122,mrazomej,DNA,Q21A,R1220,1220,306.8407497454966,4.992,0.933874967271155,O2,0.0
20171122,mrazomej,DNA,Q21A,R1220,1220,171.85219888780006,3.712,0.9070796739093947,O2,0.0
20171122,mrazomej,DNA,wt,auto,0,150.39601619476358,3.5328000000000004,0.9315844354877604,O2,0.0
20171122,mrazomej,DNA,wt,auto,0,156.30542713497346,2.944,0.8955131179655165,O2,0.0
20171122,mrazomej,DNA,wt,auto,0,145.53465869555544,4.5824,0.9206824086040324,O2,0.0
20171122,mrazomej,DNA,wt,auto,0,176.5369563586557,4.4032,0.9414409741073049,O2,0.0
20171122,mrazomej,DNA,wt,R60,60,829.8326591005168,3.968,0.9488990149410171,O2,0.0
20171122,mrazomej,DNA,wt,R60,60,334.2570426548855,3.584,0.9383219442005026,O2,0.0
20171122,mrazomej,DNA,wt,R60,60,384.25676137850627,5.7856000000000005,0.9647277240513438,O2,0.0
20171122,mrazomej,DNA,wt,R60,60,321.9903325583672,5.760000000000001,0.9581958008075879,O2,0.0
20171122,mrazomej,DNA,wt,R60,60,244.92092583929642,5.043200000000001,0.9393416363914044,O2,0.0
20171122,mrazomej,DNA,Q21A,R1220,1220,154.66039686332454,4.48,0.9665316441130456,O2,0.0
20171122,mrazomej,DNA,Q21A,R1220,1220,271.1839266714939,3.7888,0.9292161791578943,O2,0.0
20171122,mrazomej,DNA,Q21A,R1220,1220,1050.827283101175,3.456,0.9197481913407607,O2,0.0
20171122,mrazomej,DNA,Q21A,R1220,1220,166.90456040236128,4.4032,0.9531422698558356,O2,0.0
20171122,mrazomej,DNA,Q21A,R1220,1220,302.1758903957339,5.5040000000000004,0.9485815524041333,O2,0.0
20171122,mrazomej,DNA,Q21A,R1220,1220,132.7013915242321,4.48,0.9662647389479401,O2,0.0
20171122,mrazomej,DNA,Q21A,R1220,1220,231.65952469652032,4.224,0.9404265067104788,O2,0.0
20171122,mrazomej,DNA,Q21A,R1220,1220,185.95336653180635,4.1216,0.9330461982020094,O2,0.0
20171122,mrazomej,DNA,Q21A,R1220,1220,132.0275783739216,4.6080000000000005,0.9466928434477379,O2,0.0
20171122,mrazomej,DNA,wt,auto,0,281.33841669731794,3.3536,0.919186699776623,O2,0.0
20171122,mrazomej,DNA,wt,auto,0,303.67810834757796,4.4288,0.9655731257827306,O2,0.0
20171122,mrazomej,DNA,wt,auto,0,210.01439022757054,5.5552,0.9587187257451065,O2,0.0
20171122,mrazomej,DNA,wt,auto,0,210.8132653840547,4.2752,0.9543731709973671,O2,0.0
20171122,mrazomej,DNA,wt,R124,124,329.53717669169885,3.3536,0.943743597906245,O2,0.0
20171122,mrazomej,DNA,wt,R124,124,637.0231748314826,3.968,0.9455475042488731,O2,0.0
20171122,mrazomej,DNA,wt,R60,60,296.2560907184567,3.2256,0.8911889415159422,O2,0.0
20171122,mrazomej,DNA,wt,R60,60,1067.4983876719036,4.352,0.9485891735984321,O2,0.0
20171122,mrazomej,DNA,wt,R60,60,386.175440547538,3.2,0.9084456380203517,O2,0.0
20171122,mrazomej,DNA,Q21M,R124,124,866.8748538508257,4.4032,0.9247885233286217,O2,0.0
20171122,mrazomej,DNA,Q21M,R124,124,774.0123606210487,4.8384,0.9608350061405152,O2,0.0
20171122,mrazomej,DNA,Q21M,R124,124,805.5814925146211,4.1472,0.9476790814300636,O2,0.0
20171122,mrazomej,DNA,Q21M,R124,124,691.8128071457857,4.0192000000000005,0.9523865300038983,O2,0.0
20171122,mrazomej,DNA,Q21M,R124,124,556.3586838495531,3.0976000000000004,0.9213392528400446,O2,0.0
20171122,mrazomej,DNA,Q21M,R124,124,727.4780094201512,4.8128,0.9607130109613122,O2,0.0
20171122,mrazomej,DNA,Q21M,R124,124,1242.5695632792836,5.5040000000000004,0.9465487984596221,O2,0.0
20171122,mrazomej,DNA,Q21M,R124,124,1143.566168936955,5.0176,0.9177220388919713,O2,0.0
20171122,mrazomej,DNA,Y20I,R60,60,3915.4225484754343,3.2256,0.9224812784762704,O2,0.0
20171122,mrazomej,DNA,Y20I,R60,60,6494.146257259645,4.4032,0.9492949515423107,O2,0.0
20171122,mrazomej,DNA,Y20I,R60,60,7121.416005917012,4.224,0.9455895910313565,O2,0.0
20171122,mrazomej,DNA,Y20I,R60,60,5761.178218394842,5.9648,0.9628145405760121,O2,0.0
20171122,mrazomej,DNA,Y20I,R60,60,10801.185530345929,2.688,0.8614500243805117,O2,0.0
20171122,mrazomej,DNA,Y20I,R60,60,4519.964508956188,5.632000000000001,0.930795220151863,O2,0.0
20171122,mrazomej,DNA,Y20I,R60,60,8694.628744694806,5.5552,0.9675539951567892,O2,0.0
20171122,mrazomej,DNA,Y20I,R60,60,3972.8282219975686,5.7344,0.964367673393421,O2,0.0
20171122,mrazomej,DNA,Y20I,R60,60,5451.074437787271,4.224,0.9171325377307108,O2,0.0
20171122,mrazomej,DNA,wt,R124,124,355.76323695310504,5.3504000000000005,0.9578752809456782,O2,0.0
20171122,mrazomej,DNA,Q21A,R1220,1220,208.5551120749879,5.6064,0.9731123509430366,O2,0.0
20171122,mrazomej,DNA,Q21A,R1220,1220,277.297613704443,4.224,0.9603931184667619,O2,0.0
20171122,mrazomej,DNA,Q21A,R1220,1220,233.68530809242864,5.4016,0.9382120924948825,O2,0.0
20171122,mrazomej,DNA,Q21A,R1220,1220,254.14024028361698,4.352,0.9612802631708595,O2,0.0
20171122,mrazomej,DNA,Q21A,R1220,1220,318.2153180626903,5.376,0.8979640223960953,O2,0.0
20171122,mrazomej,DNA,Q21A,R1220,1220,308.84952177204593,4.0192000000000005,0.9193163892950077,O2,0.0
20171122,mrazomej,DNA,Q21A,R1220,1220,243.10059527472015,4.6080000000000005,0.9646054469549713,O2,0.0
20171122,mrazomej,DNA,Q21A,R1220,1220,236.87504854808196,3.1488,0.8268059472299155,O2,0.0
20171122,mrazomej,DNA,Q21A,R1220,1220,280.58261627510865,4.6336,0.9469808185823696,O2,0.0
20171122,mrazomej,DNA,Q21A,R1220,1220,241.87424990141832,3.8656,0.8978278581078278,O2,0.0
20171122,mrazomej,DNA,Q21A,R1220,1220,244.39378681958954,3.968,0.9354025703998171,O2,0.0
20171122,mrazomej,DNA,wt,auto,0,237.4190976437073,2.5088,0.8379222953244589,O2,0.0
20171122,mrazomej,DNA,wt,auto,0,274.5432227665262,3.3280000000000003,0.9290228465547463,O2,0.0
20171122,mrazomej,DNA,wt,auto,0,219.53181847686454,3.6864000000000003,0.9396522766481065,O2,0.0
20171122,mrazomej,DNA,wt,auto,0,266.93553807245104,3.1232,0.8805806645545771,O2,0.0
20171122,mrazomej,DNA,wt,auto,0,206.99484830906948,3.7376,0.93849597505891,O2,0.0
20171122,mrazomej,DNA,wt,auto,0,202.3368703526392,4.0704,0.9173531905699409,O2,0.0
20171122,mrazomej,DNA,wt,R60,60,299.86250648899494,3.1744000000000003,0.9063474935337317,O2,0.0
20171122,mrazomej,DNA,wt,R60,60,344.0112337985177,5.760000000000001,0.9644308245445309,O2,0.0
20171122,mrazomej,DNA,wt,R60,60,285.25286244577524,4.5056,0.9643479904563114,O2,0.0
20171122,mrazomej,DNA,wt,R60,60,337.33995202517417,5.0688,0.9615190697414567,O2,0.0
20171122,mrazomej,DNA,Q21A,R1220,1220,266.5744673351085,3.7376,0.944500807942466,O2,0.0
20171122,mrazomej,DNA,Q21A,R1220,1220,135.6391051538647,5.6064,0.9540633742070544,O2,0.0
20171122,mrazomej,DNA,Q21A,R1220,1220,211.80237655866594,3.8144,0.9526283603488357,O2,0.0
20171122,mrazomej,DNA,Q21A,R1220,1220,281.9797035510413,5.760000000000001,0.9397706014243707,O2,0.0
20171122,mrazomej,DNA,Q21A,R1220,1220,155.50182367075763,4.0704,0.9440741929606974,O2,0.0
20171122,mrazomej,DNA,Q21A,R1220,1220,152.24387557074309,5.8368,0.9403468488210848,O2,0.0
20171122,mrazomej,DNA,Q21A,R1220,1220,233.12523540843935,5.913600000000001,0.9565124730949722,O2,0.0
20171122,mrazomej,DNA,wt,auto,0,254.31142074267348,4.3776,0.9648001920527582,O2,0.0
20171122,mrazomej,DNA,wt,auto,0,258.9024878939713,3.6608,0.9269489949478193,O2,0.0
20171122,mrazomej,DNA,wt,auto,0,329.81786875623584,3.5328000000000004,0.9269209611369443,O2,0.0
20171122,mrazomej,DNA,wt,auto,0,247.32496694598225,4.1984,0.9563172026853641,O2,0.0
20171122,mrazomej,DNA,wt,R60,60,633.3797199783432,2.6368,0.8752711568346385,O2,0.0
20171122,mrazomej,DNA,Q21M,R124,124,819.1913624868166,5.3504000000000005,0.9298051497722292,O2,0.0
20171122,mrazomej,DNA,Q21M,R124,124,647.9791590573836,5.4272,0.941998914245118,O2,0.0
20171122,mrazomej,DNA,Q21M,R124,124,906.5321242574446,5.3504000000000005,0.9432416489881283,O2,0.0
20171122,mrazomej,DNA,Q21M,R124,124,976.3116655145947,5.3504000000000005,0.9153182099214012,O2,0.0
20171122,mrazomej,DNA,Q21M,R124,124,534.4805372017425,5.9392000000000005,0.9317167984216814,O2,0.0
20171122,mrazomej,DNA,Q21M,R124,124,1274.1122350082087,4.9664,0.912127639787316,O2,0.0
20171122,mrazomej,DNA,Q21M,R124,124,958.9615583279265,4.454400000000001,0.9240888905544623,O2,0.0
20171122,mrazomej,DNA,Q21M,R124,124,618.257623186627,5.888,0.9292120663983593,O2,0.0
20171122,mrazomej,DNA,wt,R124,124,323.98183205537504,5.12,0.9547696671121599,O2,0.0
20171122,mrazomej,DNA,wt,R124,124,299.77594258068206,4.096,0.9382586268213656,O2,0.0
20171122,mrazomej,DNA,wt,R124,124,189.68589547737267,4.096,0.9486456591782796,O2,0.0
20171122,mrazomej,DNA,wt,R124,124,594.912700604231,3.1488,0.9222434449695632,O2,0.0
20171122,mrazomej,DNA,wt,R124,124,422.51117516520657,4.736000000000001,0.9485226969279986,O2,0.0
20171122,mrazomej,DNA,wt,R124,124,901.4389531815159,5.8112,0.943109410154252,O2,0.0
20171122,mrazomej,DNA,wt,R260,260,1598.268785211728,3.3536,0.9221082195716442,O2,0.0
20171122,mrazomej,DNA,wt,R260,260,2618.8312113535644,3.7888,0.9395978571581278,O2,0.0
20171122,mrazomej,DNA,wt,R260,260,3507.675084212482,4.5056,0.9501428382450253,O2,0.0
20171122,mrazomej,DNA,wt,R260,260,6789.10601670046,5.1456,0.9511930049895674,O2,0.0
20171122,mrazomej,DNA,wt,R260,260,2959.414267340458,4.7104,0.9471814190817163,O2,0.0
20171122,mrazomej,DNA,wt,R260,260,2886.213242427437,3.9168000000000003,0.9270962377916923,O2,0.0
20171122,mrazomej,DNA,Q21M,R124,124,941.0707874410425,5.248,0.9018960899174461,O2,0.0
20171122,mrazomej,DNA,Q21M,R124,124,1384.9354361758033,5.888,0.9622526206431828,O2,0.0
20171122,mrazomej,DNA,Q21M,R124,124,858.4414860119252,5.2224,0.935499522908953,O2,0.0
20171122,mrazomej,DNA,Q21M,R124,124,719.2116972210405,5.0176,0.9370753947786103,O2,0.0
20171122,mrazomej,DNA,Q21M,R124,124,582.4689703028805,4.5568,0.9354300857762018,O2,0.0
20171122,mrazomej,DNA,Q21M,R124,124,1057.3989382591556,4.5312,0.9325084412819271,O2,0.0
20171122,mrazomej,DNA,wt,R260,260,1623.503915387434,3.0208,0.8871348488707902,O2,0.0
20171122,mrazomej,DNA,wt,R260,260,2444.4663186848297,5.043200000000001,0.9687279843020761,O2,0.0
20171122,mrazomej,DNA,wt,R260,260,3633.6780748394535,5.3504000000000005,0.9496405616275582,O2,0.0
20171122,mrazomej,DNA,wt,R260,260,3978.832165171292,3.8656,0.9333098576016213,O2,0.0
20171122,mrazomej,DNA,wt,R260,260,3716.901256196687,3.4304,0.9289029274432916,O2,0.0
20171122,mrazomej,DNA,wt,R260,260,2369.6997325015595,5.6576,0.9592044753275368,O2,0.0
20171122,mrazomej,DNA,Q21A,R260,260,1770.5406805198165,5.1456,0.9656751018739937,O2,0.0
20171122,mrazomej,DNA,Q21A,R260,260,1588.0963956003134,4.9408,0.8999710258804602,O2,0.0
20171122,mrazomej,DNA,wt,delta,0,15553.339228167917,5.171200000000001,0.9611026480173178,O2,0.0
20171122,mrazomej,DNA,wt,delta,0,14551.02148493448,5.8624,0.9498838003465745,O2,0.0
20171122,mrazomej,DNA,wt,delta,0,10608.204849182132,5.324800000000001,0.9736327181613258,O2,0.0
20171122,mrazomej,DNA,wt,delta,0,15242.923405630429,2.9696000000000002,0.9020739840063663,O2,0.0
20171122,mrazomej,DNA,wt,delta,0,13666.843794861034,5.7344,0.9659356808319312,O2,0.0
20171122,mrazomej,DNA,wt,delta,0,4488.619555734038,4.48,0.9705936658887487,O2,0.0
20171122,mrazomej,DNA,wt,delta,0,11035.459558909233,3.6608,0.9422069032974292,O2,0.0
20171122,mrazomej,DNA,wt,delta,0,5810.945259344889,3.2512000000000003,0.9165904421177978,O2,0.0
20171122,mrazomej,DNA,wt,delta,0,5629.296281626199,4.5824,0.9538437114385824,O2,0.0
20171122,mrazomej,DNA,wt,delta,0,3682.375318249197,3.1488,0.8994736809793287,O2,0.0
20171122,mrazomej,DNA,wt,delta,0,3525.224491357965,5.2992,0.9569308250707772,O2,0.0
20171122,mrazomej,DNA,wt,delta,0,3895.523622377947,3.0208,0.8883412623985525,O2,0.0
20171122,mrazomej,DNA,wt,delta,0,2348.5095731904394,4.0704,0.9562448839041041,O2,0.0
20171122,mrazomej,DNA,wt,delta,0,5759.640506586269,4.352,0.956784847143864,O2,0.0
20171122,mrazomej,DNA,wt,delta,0,5564.533605564797,4.4032,0.967198091456489,O2,0.0
20171122,mrazomej,DNA,Q21A,R260,260,1387.62914939233,5.324800000000001,0.949628767157048,O2,0.0
20171122,mrazomej,DNA,Q21A,R260,260,3062.5958549929696,5.4016,0.9420112163844541,O2,0.0
20171122,mrazomej,DNA,Q21A,R60,60,7553.392436012732,4.7104,0.9276747124798153,O2,0.0
20171122,mrazomej,DNA,Q21A,R60,60,7524.934633553927,5.2736,0.8216317893084705,O2,0.0
20171122,mrazomej,DNA,Q21A,R60,60,8980.690135674262,3.8656,0.8830872932764551,O2,0.0
20171122,mrazomej,DNA,Q21A,R60,60,10905.687625304456,5.6064,0.9239777724134907,O2,0.0
20171122,mrazomej,DNA,Q21A,R60,60,12450.27486214496,5.6064,0.9057203941365033,O2,0.0
20171122,mrazomej,DNA,wt,R60,60,203.00878244908085,3.456,0.9060798964318092,O2,0.0
20171122,mrazomej,DNA,wt,R60,60,908.0661848398868,5.9904,0.9662086624641274,O2,0.0
20171122,mrazomej,DNA,wt,R60,60,359.08488291159904,5.2736,0.9477781665431138,O2,0.0
20171122,mrazomej,DNA,wt,R60,60,518.1645829795867,4.1472,0.9401936957427578,O2,0.0
20171122,mrazomej,DNA,wt,R60,60,543.271183704274,4.1728000000000005,0.9565005085909166,O2,0.0
20171122,mrazomej,DNA,wt,R60,60,219.0770492867133,4.4288,0.9471546823305301,O2,0.0
20171122,mrazomej,DNA,Q21A,R1220,1220,133.31095441074208,4.5312,0.960996518105218,O2,0.0
20171122,mrazomej,DNA,Q21A,R1220,1220,182.48530968327674,5.8112,0.9574697494221193,O2,0.0
20171122,mrazomej,DNA,Q21A,R1220,1220,161.04093127936548,5.888,0.9705056383459882,O2,0.0
20171122,mrazomej,DNA,Q21A,R1220,1220,175.36571927461557,5.5040000000000004,0.965598252917001,O2,0.0
20171122,mrazomej,DNA,Q21A,R1220,1220,292.5040607495446,4.7616000000000005,0.9598806658201142,O2,0.0
20171122,mrazomej,DNA,Q21A,R1220,1220,384.0566308798249,3.5328000000000004,0.9510310646701294,O2,0.0
20171122,mrazomej,DNA,wt,R1220,1220,2518.844647165675,4.1728000000000005,0.9516098981855324,O2,0.0
20171122,mrazomej,DNA,wt,R1220,1220,1750.0936860538002,3.456,0.9157567344297025,O2,0.0
20171122,mrazomej,DNA,wt,delta,0,4762.471717487235,2.8416,0.9187783142198686,O2,0.0
20171122,mrazomej,DNA,wt,delta,0,8431.995924795216,4.7872,0.9688568969803283,O2,0.0
20171122,mrazomej,DNA,wt,delta,0,3485.867415287226,4.736000000000001,0.9642973655838746,O2,0.0
20171122,mrazomej,DNA,Q21A,R60,60,7799.894177751218,3.6608,0.9319236406644447,O2,0.0
20171122,mrazomej,DNA,Q21A,R60,60,9537.970215088253,4.7104,0.9670408044733565,O2,0.0
20171122,mrazomej,DNA,Q21A,R60,60,11437.84312689007,5.0176,0.9347286090526068,O2,0.0
20171122,mrazomej,DNA,wt,auto,0,179.24218118960604,3.6352,0.9302762107178603,O2,0.0
20171122,mrazomej,DNA,wt,auto,0,192.7843507659889,4.8384,0.9540843739250408,O2,0.0
20171122,mrazomej,DNA,Y20I,R260,260,3064.6227641696605,5.1968000000000005,0.9746630511126719,O2,0.0
20171122,mrazomej,DNA,Y20I,R260,260,1868.9208361520807,5.171200000000001,0.9436778930385734,O2,0.0
20171122,mrazomej,DNA,Y20I,R260,260,2159.4964893037263,4.5824,0.9631673651667133,O2,0.0
20171122,mrazomej,DNA,Y20I,R124,124,7075.646449149643,5.913600000000001,0.9550993723189104,O2,0.0
20171122,mrazomej,DNA,Y20I,R124,124,10299.182395364047,4.736000000000001,0.9604372988838195,O2,0.0
20171122,mrazomej,DNA,Y20I,R124,124,6581.237243852025,3.8400000000000003,0.938856558171702,O2,0.0
20171122,mrazomej,DNA,Y20I,R260,260,3471.884847805008,3.8656,0.9401913024742754,O2,0.0
20171122,mrazomej,DNA,Y20I,R260,260,2757.9320501891684,3.8912,0.9358697016904469,O2,0.0
20171122,mrazomej,DNA,Q21M,R60,60,11168.701955695367,5.8624,0.8948971673574371,O2,0.0
20171122,mrazomej,DNA,Q21M,R60,60,10758.50142301608,3.9936000000000003,0.9502878898255821,O2,0.0
20171122,mrazomej,DNA,wt,R1220,1220,1042.4888666014367,3.4816000000000003,0.9156541048708112,O2,0.0
20171122,mrazomej,DNA,wt,R1220,1220,1771.2957987112068,4.864,0.9205696729955076,O2,0.0
20171122,mrazomej,DNA,wt,R1220,1220,1303.4006921372647,4.5312,0.9577866427008253,O2,0.0
20171122,mrazomej,DNA,wt,R1220,1220,1027.627729929917,4.1472,0.9489106885177703,O2,0.0
20171122,mrazomej,DNA,wt,R1220,1220,1190.4389960167505,3.7376,0.9037533498910942,O2,0.0
20171122,mrazomej,DNA,wt,R1220,1220,1187.9074904935862,4.8384,0.9354269637424428,O2,0.0
20171122,mrazomej,DNA,Y20I,R260,260,4028.2469205204566,4.992,0.9682738683219348,O2,0.0
20171122,mrazomej,DNA,Y20I,R260,260,2269.1078146429873,4.6592,0.9603176522627442,O2,0.0
20171122,mrazomej,DNA,Y20I,R260,260,1337.6123227169903,5.12,0.9398870498331486,O2,0.0
20171122,mrazomej,DNA,Y20I,R260,260,3245.5061640351864,4.7104,0.9508346860433614,O2,0.0
20171122,mrazomej,DNA,Y20I,R260,260,1458.5716536341142,5.248,0.95578525671586,O2,0.0
20171122,mrazomej,DNA,Q21A,R60,60,5238.142478576826,5.7344,0.9731788884231688,O2,0.0
20171122,mrazomej,DNA,Q21A,R60,60,9661.341047073096,4.5056,0.960482071911509,O2,0.0
20171122,mrazomej,DNA,Q21A,R60,60,6505.809606702602,4.8128,0.9435310109955746,O2,0.0
20171122,mrazomej,DNA,Q21A,R60,60,4916.026841700457,4.5312,0.8732893532454327,O2,0.0
20171122,mrazomej,DNA,wt,delta,0,4346.807298287034,4.2752,0.9524607959353663,O2,0.0
20171122,mrazomej,DNA,wt,delta,0,6687.580371528925,3.6608,0.9527311387334225,O2,0.0
20171122,mrazomej,DNA,wt,delta,0,8383.176158409811,5.248,0.972849967888697,O2,0.0
20171122,mrazomej,DNA,wt,delta,0,2736.845401916165,2.3808000000000002,0.8365433924116433,O2,0.0
20171122,mrazomej,DNA,wt,delta,0,2233.306672367821,4.8128,0.9645589326729701,O2,0.0
20171122,mrazomej,DNA,Q21A,R60,60,12744.525447676771,4.454400000000001,0.9496217904804019,O2,0.0
20171122,mrazomej,DNA,Q21A,R60,60,13100.96847295979,5.0176,0.9573309948784444,O2,0.0
20171122,mrazomej,DNA,Q21A,R60,60,10670.125654629743,4.8384,0.9097283806270281,O2,0.0
20171122,mrazomej,DNA,Q21A,R60,60,5396.296173428687,4.1472,0.9083924707801582,O2,0.0
20171122,mrazomej,DNA,wt,R60,60,420.9145072411425,5.7088,0.9661923026565038,O2,0.0
20171122,mrazomej,DNA,wt,R60,60,532.4440512741677,4.2752,0.9525004107287389,O2,0.0
20171122,mrazomej,DNA,wt,delta,0,4207.132836065978,3.8144,0.9388255926479099,O2,0.0
20171122,mrazomej,DNA,wt,delta,0,3266.4604535262047,2.6368,0.8767380087448815,O2,0.0
20171122,mrazomej,DNA,wt,delta,0,3134.893066442812,3.0208,0.8913037154708578,O2,0.0
20171122,mrazomej,DNA,wt,delta,0,5851.080665240506,2.9696000000000002,0.9148492581228601,O2,0.0
20171122,mrazomej,DNA,wt,delta,0,5597.093313940475,5.12,0.9664145391854347,O2,0.0
20171122,mrazomej,DNA,wt,delta,0,7131.980788397042,3.6864000000000003,0.9308553907880297,O2,0.0
20171122,mrazomej,DNA,wt,delta,0,8289.750351293766,3.7888,0.9435931923525988,O2,0.0
20171122,mrazomej,DNA,wt,delta,0,4838.79044971908,5.376,0.9565563051401509,O2,0.0
20171122,mrazomej,DNA,wt,delta,0,1710.0352011942484,3.4048000000000003,0.8742173913265088,O2,0.0
20171122,mrazomej,DNA,Q21A,R260,260,1216.800467892733,5.4016,0.9753099128339766,O2,0.0
20171122,mrazomej,DNA,Q21A,R260,260,3082.0583564655913,5.248,0.8947760513854076,O2,0.0
20171122,mrazomej,DNA,wt,R1220,1220,827.5264493263933,5.8624,0.9474634841353587,O2,0.0
20171122,mrazomej,DNA,wt,R1220,1220,1471.985550624739,4.1984,0.9576236489492131,O2,0.0
20171122,mrazomej,DNA,wt,R1220,1220,1256.4007377734406,4.6848,0.9527327983324116,O2,0.0
20171122,mrazomej,DNA,Q21A,R1220,1220,242.16704506000673,5.5552,0.9770260053728181,O2,0.0
20171122,mrazomej,DNA,Q21A,R1220,1220,165.10608440392542,3.5328000000000004,0.9234212731519307,O2,0.0
20171122,mrazomej,DNA,Q21A,R1220,1220,160.63307583603762,4.736000000000001,0.9639674696397065,O2,0.0
20171122,mrazomej,DNA,Q21A,R1220,1220,192.94655337685413,3.4816000000000003,0.9351861532361561,O2,0.0
20171122,mrazomej,DNA,Q21A,R260,260,1542.1951369541407,5.9648,0.9415246216605442,O2,0.0
20171122,mrazomej,DNA,Q21A,R260,260,1333.1323716178078,4.352,0.8887503729087249,O2,0.0
20171122,mrazomej,DNA,Q21A,R260,260,2264.6293587689142,5.4272,0.9337071395031975,O2,0.0
20171122,mrazomej,DNA,wt,R60,60,728.1463261279406,5.12,0.9746125312590287,O2,0.0
20171122,mrazomej,DNA,wt,R60,60,412.2194083815292,4.4032,0.9673580270534623,O2,0.0
20171122,mrazomej,DNA,wt,R60,60,405.25286484087076,5.5808,0.9553517034280697,O2,0.0
20171122,mrazomej,DNA,wt,R60,60,494.29170115474534,4.48,0.9569095129718269,O2,0.0
20171122,mrazomej,DNA,wt,R60,60,396.09611932934797,4.1984,0.9470788238969009,O2,0.0
20171122,mrazomej,DNA,Q21A,R60,60,8254.225776886999,4.736000000000001,0.950045792723424,O2,0.0
20171122,mrazomej,DNA,Q21A,R60,60,10804.77185418034,5.5040000000000004,0.9629381924219205,O2,0.0
20171122,mrazomej,DNA,Q21A,R60,60,14301.160902708665,4.454400000000001,0.9524008620901054,O2,0.0
20171122,mrazomej,DNA,wt,delta,0,4543.021240253506,4.3264000000000005,0.9624522552357672,O2,0.0
20171122,mrazomej,DNA,wt,delta,0,8248.674560287956,4.1728000000000005,0.9546761342964245,O2,0.0
20171122,mrazomej,DNA,wt,delta,0,3793.300409542591,3.0208,0.9124796570698499,O2,0.0
20171122,mrazomej,DNA,wt,delta,0,10528.07316607165,2.8672,0.9367655671331524,O2,0.0
20171122,mrazomej,DNA,wt,R1220,1220,857.3071814018922,5.12,0.9567310245861849,O2,0.0
20171122,mrazomej,DNA,wt,R1220,1220,2517.4260039274695,5.171200000000001,0.9624620809521297,O2,0.0
20171122,mrazomej,DNA,wt,R1220,1220,1146.3842199055769,4.8384,0.951132409124349,O2,0.0
20171122,mrazomej,DNA,wt,R1220,1220,1558.321366293326,5.9904,0.9602042359363917,O2,0.0
20171122,mrazomej,DNA,wt,R1220,1220,1029.296629436826,5.4016,0.9466500161282063,O2,0.0
20171122,mrazomej,DNA,wt,R1220,1220,1027.9777369477326,4.5056,0.9524512296962299,O2,0.0
20171122,mrazomej,DNA,wt,R1220,1220,1891.9878107699512,4.454400000000001,0.9542115883403964,O2,0.0
20171122,mrazomej,DNA,Q21M,R60,60,13355.88321735015,4.5056,0.9488556105336823,O2,0.0
20171122,mrazomej,DNA,Q21M,R60,60,13794.00840687712,4.6592,0.9439320742918507,O2,0.0
20171122,mrazomej,DNA,Q21M,R60,60,12946.62956363703,4.1216,0.9208436567945982,O2,0.0
20171122,mrazomej,DNA,Y20I,R260,260,2693.0768313695426,5.0688,0.9628655578481121,O2,0.0
20171122,mrazomej,DNA,Y20I,R260,260,2896.7762276570843,3.3536,0.8880338230422098,O2,0.0
20171122,mrazomej,DNA,Y20I,R124,124,11668.46616096767,5.0176,0.9366226636966001,O2,0.0
20171122,mrazomej,DNA,Y20I,R124,124,4374.469397130889,5.0944,0.9568715513112668,O2,0.0
20171122,mrazomej,DNA,Y20I,R124,124,6651.677113127265,2.9184,0.8926654288080971,O2,0.0
20171122,mrazomej,DNA,Y20I,R124,124,5446.583660640782,4.4288,0.9394081556779422,O2,0.0
20171122,mrazomej,DNA,Y20I,R260,260,4602.081645825952,3.1744000000000003,0.8921103050850054,O2,0.0
20171122,mrazomej,DNA,Y20I,R260,260,2348.7751275821,5.12,0.9450849741732968,O2,0.0
20171122,mrazomej,DNA,Y20I,R260,260,2852.24931728247,4.224,0.9484019649275487,O2,0.0
20171122,mrazomej,DNA,Y20I,R260,260,2386.7154438427624,3.8912,0.9171570606049472,O2,0.0
20171122,mrazomej,DNA,Y20I,R260,260,1748.341067313005,4.352,0.9356424977832891,O2,0.0
20171122,mrazomej,DNA,Y20I,R260,260,3069.3806708485354,5.6064,0.9084222812768294,O2,0.0
20171122,mrazomej,DNA,wt,auto,0,200.97407910795567,4.9664,0.9681815090964437,O2,0.0
20171122,mrazomej,DNA,wt,auto,0,228.5577910937868,5.376,0.9685478923187957,O2,0.0
20171122,mrazomej,DNA,wt,auto,0,171.58961044357116,4.5824,0.9628305158447669,O2,0.0
20171122,mrazomej,DNA,wt,auto,0,183.97363228071464,4.1472,0.9650676403062357,O2,0.0
20171122,mrazomej,DNA,Q21M,R60,60,11760.557223623733,4.0448,0.9292895716735262,O2,0.0
20171122,mrazomej,DNA,Q21M,R60,60,11593.476118009308,2.944,0.8881592823402404,O2,0.0
20171122,mrazomej,DNA,Q21M,R60,60,7069.788037502924,4.7872,0.9638821458226388,O2,0.0
20171122,mrazomej,DNA,Q21A,R60,60,10774.038273655697,5.0688,0.9388263991333572,O2,0.0
20171122,mrazomej,DNA,Q21A,R60,60,10778.85545251877,5.376,0.9431417587631055,O2,0.0
20171122,mrazomej,DNA,Q21A,R60,60,7833.545182237273,5.2224,0.9633948552574522,O2,0.0
20171122,mrazomej,DNA,wt,R260,260,2593.353972988273,4.300800000000001,0.9412741653709877,O2,0.0
20171122,mrazomej,DNA,wt,R260,260,2446.073399807339,4.300800000000001,0.9385893543063893,O2,0.0
20171122,mrazomej,DNA,wt,R260,260,2957.32486826446,3.6096000000000004,0.9255818289605174,O2,0.0
20171122,mrazomej,DNA,Q21M,R60,60,13766.375103256849,3.6864000000000003,0.9402504563232933,O2,0.0
20171122,mrazomej,DNA,Q21M,R60,60,11061.947285174849,3.6096000000000004,0.8789665938473991,O2,0.0
20171122,mrazomej,DNA,Q21M,R60,60,10611.161528306613,4.0704,0.934425118684716,O2,0.0
20171122,mrazomej,DNA,Q21M,R60,60,11142.64045177795,5.0176,0.9539866359693404,O2,0.0
20171122,mrazomej,DNA,Q21M,R60,60,11624.8731185911,4.6848,0.9574180790241793,O2,0.0
20171122,mrazomej,DNA,Q21M,R60,60,15169.850761183932,3.7376,0.9376043112414875,O2,0.0
20171122,mrazomej,DNA,Q21M,R1220,1220,136.9896797338967,4.7104,0.9146717327487258,O2,0.0
20171122,mrazomej,DNA,Q21M,R1220,1220,156.4470519644086,5.7344,0.9130448064933485,O2,0.0
20171122,mrazomej,DNA,Q21M,R1220,1220,139.1993313102428,3.5072,0.9263746922871295,O2,0.0
20171122,mrazomej,DNA,Q21M,R1220,1220,150.03044822409,4.0192000000000005,0.8235870661254777,O2,0.0
20171122,mrazomej,DNA,Q21M,R1220,1220,164.55705247340407,5.8624,0.9618254407578809,O2,0.0
20171122,mrazomej,DNA,Q21M,R1220,1220,239.11699438437327,5.632000000000001,0.91196721729347,O2,0.0
20171122,mrazomej,DNA,Q21M,R1220,1220,141.90002695980237,3.072,0.9245635463794326,O2,0.0
20171122,mrazomej,DNA,Q21M,R1220,1220,155.99366161790064,4.5568,0.8948946320733245,O2,0.0
20171122,mrazomej,DNA,wt,R260,260,3353.8729954140504,3.6864000000000003,0.9334646392994888,O2,0.0
20171122,mrazomej,DNA,wt,R260,260,2489.9611833899685,2.4064,0.8347147775181649,O2,0.0
20171122,mrazomej,DNA,wt,R260,260,3596.39631266718,4.2496,0.9539388800423446,O2,0.0
20171122,mrazomej,DNA,wt,R260,260,2446.0460230138183,4.7872,0.9490306114024719,O2,0.0
20171122,mrazomej,DNA,wt,R260,260,1816.1792157691302,4.3264000000000005,0.9463043547094065,O2,0.0
20171122,mrazomej,DNA,wt,R260,260,3144.8610172982076,4.736000000000001,0.9485893745320697,O2,0.0
20171122,mrazomej,DNA,wt,R260,260,4183.717212317402,5.12,0.9595352335590905,O2,0.0
20171122,mrazomej,DNA,Q21A,R60,60,9737.526083478897,5.2992,0.9215434256138688,O2,0.0
20171122,mrazomej,DNA,Q21A,R60,60,11825.547884191852,5.5808,0.9497775731940055,O2,0.0
20171122,mrazomej,DNA,Q21A,R60,60,11612.981076516213,5.2736,0.9346180600572274,O2,0.0
20171122,mrazomej,DNA,wt,R260,260,2248.652507955507,4.7616000000000005,0.9598789875397126,O2,0.0
20171122,mrazomej,DNA,wt,R260,260,2893.581032775156,4.9408,0.9168225747778973,O2,0.0
20171122,mrazomej,DNA,wt,R260,260,1720.3310392081764,3.968,0.9241096892493987,O2,0.0
20171122,mrazomej,DNA,wt,R124,124,377.5538746999672,5.9392000000000005,0.9701088913082241,O2,0.0
20171122,mrazomej,DNA,wt,R124,124,277.3264601789112,5.8112,0.9582436419222533,O2,0.0
20171122,mrazomej,DNA,wt,R124,124,257.05328671339254,4.8384,0.9367503842112149,O2,0.0
20171122,mrazomej,DNA,Q21M,R260,260,167.09446036448156,3.2,0.8841140749644116,O2,0.0
20171122,mrazomej,DNA,Q21M,R260,260,160.50444745891417,3.7888,0.9341652124270187,O2,0.0
20171122,mrazomej,DNA,Q21M,R260,260,287.9780534272733,5.5808,0.8858091811422184,O2,0.0
20171122,mrazomej,DNA,Q21M,R260,260,141.12414728975833,5.6832,0.9635081058969585,O2,0.0
20171122,mrazomej,DNA,Q21M,R260,260,151.32090466127946,5.4272,0.8942055313723082,O2,0.0
20171122,mrazomej,DNA,Q21M,R260,260,152.29913486486709,4.5568,0.9264873239063506,O2,0.0
20171122,mrazomej,DNA,Q21M,R260,260,154.91447167039837,5.9904,0.9069940522637965,O2,0.0
20171122,mrazomej,DNA,Q21M,R260,260,248.40512779044727,5.3504000000000005,0.8577731285572031,O2,0.0
20171122,mrazomej,DNA,Q21M,R260,260,192.61870913317438,3.8656,0.9226577560825666,O2,0.0
20171122,mrazomej,DNA,Q21M,R260,260,164.46777491040302,5.3504000000000005,0.9177725419809177,O2,0.0
20171122,mrazomej,DNA,Q21M,R260,260,183.66195491670976,3.2768,0.9201410057667304,O2,0.0
20171122,mrazomej,DNA,Y20I,R1220,1220,951.0867982956662,3.1744000000000003,0.8904505395449627,O2,0.0
20171122,mrazomej,DNA,Y20I,R1220,1220,991.2866965046676,5.6576,0.9644939559997999,O2,0.0
20171122,mrazomej,DNA,Y20I,R1220,1220,1735.2347006716373,4.096,0.9520983518131017,O2,0.0
20171122,mrazomej,DNA,Y20I,R1220,1220,1123.0605044593954,3.456,0.9382273591740108,O2,0.0
20171122,mrazomej,DNA,Y20I,R1220,1220,1718.505820064912,5.5040000000000004,0.9334375165694796,O2,0.0
20171122,mrazomej,DNA,Y20I,R1220,1220,930.2295505909174,5.5296,0.9601461187477371,O2,0.0
20171122,mrazomej,DNA,Y20I,R1220,1220,809.0179113870774,3.6608,0.9051319024421605,O2,0.0
20171122,mrazomej,DNA,Y20I,R60,60,8571.396733375159,2.944,0.8903049499497937,O2,0.0
20171122,mrazomej,DNA,Y20I,R60,60,5020.687112508175,4.4288,0.9320557422637634,O2,0.0
20171122,mrazomej,DNA,Q21M,R260,260,141.90973383295,3.3536,0.9322576759242441,O2,0.0
20171122,mrazomej,DNA,Q21M,R260,260,157.89303025654127,4.736000000000001,0.9689597484360285,O2,0.0
20171122,mrazomej,DNA,Q21M,R260,260,147.21549961478408,3.5328000000000004,0.9416884329163958,O2,0.0
20171122,mrazomej,DNA,Q21M,R260,260,179.5823946684994,5.5296,0.9701446290796644,O2,0.0
20171122,mrazomej,DNA,Q21M,R260,260,139.48965918200332,5.4272,0.9642869787462954,O2,0.0
20171122,mrazomej,DNA,Q21M,R260,260,216.27456200507982,4.300800000000001,0.9533033530573457,O2,0.0
20171122,mrazomej,DNA,Q21M,R260,260,147.3095438235577,5.6832,0.9410971704115831,O2,0.0
20171122,mrazomej,DNA,Q21M,R260,260,184.496034889431,4.2752,0.9116807507089624,O2,0.0
20171122,mrazomej,DNA,wt,R124,124,332.2293684980235,4.454400000000001,0.9443860151124505,O2,0.0
20171122,mrazomej,DNA,wt,R124,124,676.4895875623622,5.376,0.9566955741213689,O2,0.0
20171122,mrazomej,DNA,wt,R124,124,381.6586786463442,5.171200000000001,0.966106360822931,O2,0.0
20171122,mrazomej,DNA,wt,R124,124,818.0408986184375,4.0448,0.9460759041498709,O2,0.0
20171122,mrazomej,DNA,wt,R124,124,560.3304521364339,4.6592,0.956112571984929,O2,0.0
20171122,mrazomej,DNA,wt,R124,124,825.261818160477,5.6064,0.8423697737569494,O2,0.0
20171122,mrazomej,DNA,Q21M,R260,260,127.2796925982926,4.736000000000001,0.9588480719204793,O2,0.0
20171122,mrazomej,DNA,Q21M,R260,260,157.55452000312363,5.1968000000000005,0.9404515804650322,O2,0.0
20171122,mrazomej,DNA,Q21M,R260,260,146.64933513557116,3.7376,0.9270843369465054,O2,0.0
20171122,mrazomej,DNA,wt,R260,260,1718.9643371113918,4.2752,0.9565411705892927,O2,0.0
20171122,mrazomej,DNA,wt,R260,260,2498.026833989495,4.224,0.9376696445418988,O2,0.0
20171122,mrazomej,DNA,Q21M,R60,60,14424.13433510397,4.3264000000000005,0.9438116463699431,O2,0.0
20171122,mrazomej,DNA,Q21M,R60,60,4923.196436116529,5.6832,0.920137574347044,O2,0.0
20171122,mrazomej,DNA,Q21M,R60,60,7608.267174129544,5.5040000000000004,0.8934185004749864,O2,0.0
20171122,mrazomej,DNA,Q21M,R60,60,13416.331068921781,4.9664,0.9625507909044084,O2,0.0
20171122,mrazomej,DNA,Q21M,R60,60,10286.060807321037,5.9904,0.9132973501440451,O2,0.0
20171122,mrazomej,DNA,Q21M,R60,60,12763.263394207683,4.736000000000001,0.9455042755220209,O2,0.0
20171122,mrazomej,DNA,Q21A,R60,60,10381.533646369591,4.1472,0.948730384981634,O2,0.0
20171122,mrazomej,DNA,Q21A,R60,60,10796.341300110616,3.9936000000000003,0.9428704278878641,O2,0.0
20171122,mrazomej,DNA,Q21A,R60,60,14596.368878255094,4.992,0.9131485083163062,O2,0.0
20171122,mrazomej,DNA,Q21M,R1220,1220,151.10070824830012,3.8144,0.9215579462234843,O2,0.0
20171122,mrazomej,DNA,Q21M,R1220,1220,120.81728818148088,5.4016,0.941561136357298,O2,0.0
20171122,mrazomej,DNA,Q21M,R1220,1220,153.5415130234863,5.4016,0.9459979190104846,O2,0.0
20171122,mrazomej,DNA,Q21M,R1220,1220,144.19975528357276,4.48,0.9370687349603152,O2,0.0
20171122,mrazomej,DNA,Q21M,R1220,1220,154.98461837342012,5.5808,0.895827400311982,O2,0.0
20171122,mrazomej,DNA,Q21M,R60,60,8170.87255078174,3.0976000000000004,0.8935603357611668,O2,0.0
20171122,mrazomej,DNA,Q21M,R60,60,10322.09268519633,4.2496,0.9475298308731842,O2,0.0
20171122,mrazomej,DNA,wt,R260,260,3633.77771161568,3.456,0.9303298981851902,O2,0.0
20171122,mrazomej,DNA,wt,R260,260,5709.798782308699,3.4304,0.9304014707594458,O2,0.0
20171122,mrazomej,DNA,wt,R260,260,3332.1517304765557,4.3776,0.9262086801193846,O2,0.0
20171122,mrazomej,DNA,wt,R260,260,3405.6969718552214,3.2512000000000003,0.8810638950824272,O2,0.0
20171122,mrazomej,DNA,wt,R260,260,5416.3459353644885,3.8400000000000003,0.882101332751099,O2,0.0
20171122,mrazomej,DNA,wt,R260,260,2063.0410982706294,4.5056,0.9110986891059293,O2,0.0
20171122,mrazomej,DNA,Q21A,R60,60,9806.146849355617,5.913600000000001,0.978647478337396,O2,0.0
20171122,mrazomej,DNA,Q21A,R60,60,12146.628264231713,3.5072,0.9342794989137855,O2,0.0
20171122,mrazomej,DNA,Q21A,R60,60,11635.129153827289,5.9392000000000005,0.9450611927077989,O2,0.0
20171122,mrazomej,DNA,Q21A,R60,60,7140.085837846235,5.9648,0.9656488095543849,O2,0.0
20171122,mrazomej,DNA,Q21A,R60,60,13063.626572082303,3.9424,0.910530724760916,O2,0.0
20171122,mrazomej,DNA,Q21M,R260,260,164.67297904734542,4.5824,0.9284148598743985,O2,0.0
20171122,mrazomej,DNA,Q21M,R260,260,170.55607956211966,4.5568,0.9392864279843662,O2,0.0
20171122,mrazomej,DNA,Q21M,R260,260,130.77704202356017,4.7104,0.9087707064018258,O2,0.0
20171122,mrazomej,DNA,Q21M,R260,260,148.17826443074486,4.2496,0.9524390890165291,O2,0.0
20171122,mrazomej,DNA,Y20I,R1220,1220,1359.1318251710195,3.968,0.9464227634750016,O2,0.0
20171122,mrazomej,DNA,Y20I,R1220,1220,1106.9524877603963,4.0704,0.9506345878378636,O2,0.0
20171122,mrazomej,DNA,Y20I,R1220,1220,1082.323703704726,4.9152000000000005,0.9381076673703717,O2,0.0
20171122,mrazomej,DNA,Y20I,R1220,1220,1749.8770824352262,5.248,0.9473645291784683,O2,0.0
20171122,mrazomej,DNA,Y20I,R1220,1220,973.7639686560236,5.888,0.9297143751657015,O2,0.0
20171122,mrazomej,DNA,Y20I,R1220,1220,732.6481637753913,5.324800000000001,0.8707332782731568,O2,0.0
20171122,mrazomej,DNA,Q21M,R260,260,212.25034508183532,4.8384,0.9481612969274513,O2,0.0
20171122,mrazomej,DNA,Q21M,R260,260,225.2581285338094,5.376,0.9002076746442988,O2,0.0
20171122,mrazomej,DNA,Q21M,R260,260,129.58946011051862,5.8368,0.8934053967062241,O2,0.0
20171122,mrazomej,DNA,Q21M,R260,260,175.84872240366803,5.6064,0.9542118957436736,O2,0.0
20171122,mrazomej,DNA,Q21M,R260,260,162.598152430776,5.12,0.9352989967040187,O2,0.0
20171122,mrazomej,DNA,Q21M,R260,260,169.93571860143933,5.7856000000000005,0.9109940076095058,O2,0.0
20171122,mrazomej,DNA,Q21M,R260,260,202.77980903542073,4.7872,0.953360145430404,O2,0.0
20171122,mrazomej,DNA,Q21M,R260,260,134.13487301548432,4.48,0.9636839939662996,O2,0.0
20171122,mrazomej,DNA,Q21M,R260,260,162.65475158000876,4.2752,0.9298224421167326,O2,0.0
20171122,mrazomej,DNA,Y20I,R1220,1220,1623.394490732557,4.8128,0.9340382420293053,O2,0.0
20171122,mrazomej,DNA,Y20I,R1220,1220,399.10150663285253,5.478400000000001,0.9414223505259078,O2,0.0
20171122,mrazomej,DNA,Y20I,R1220,1220,651.4261547129464,5.2992,0.9600987129194398,O2,0.0
20171122,mrazomej,DNA,Y20I,R1220,1220,760.0174761406864,3.6864000000000003,0.9249037804841331,O2,0.0
20171122,mrazomej,DNA,Y20I,R124,124,4980.450856341161,5.760000000000001,0.9458888380227712,O2,0.0
20171122,mrazomej,DNA,Y20I,R124,124,5347.369481275695,5.2224,0.9559776936745651,O2,0.0
20171122,mrazomej,DNA,Y20I,R124,124,5619.004272924222,4.9664,0.9354762028518796,O2,0.0
20171122,mrazomej,DNA,Y20I,R260,260,2095.51018707873,4.1984,0.9563305494772187,O2,0.0
20171122,mrazomej,DNA,Y20I,R260,260,3680.802156396893,4.9664,0.9122754868940337,O2,0.0
20171122,mrazomej,DNA,Y20I,R1220,1220,684.8556403531152,4.5824,0.9665530041884173,O2,0.0
20171122,mrazomej,DNA,Y20I,R1220,1220,1616.0521427184472,3.7376,0.932440496456896,O2,0.0
20171122,mrazomej,DNA,Y20I,R1220,1220,1087.2844641702518,4.7872,0.960970413368537,O2,0.0
20171122,mrazomej,DNA,Y20I,R1220,1220,813.393075851745,5.6064,0.9265320209194029,O2,0.0
20171122,mrazomej,DNA,Y20I,R124,124,4058.247562641071,5.171200000000001,0.9563675974776481,O2,0.0
20171122,mrazomej,DNA,Y20I,R124,124,8237.562660247295,4.6080000000000005,0.9311937963248729,O2,0.0
20171122,mrazomej,DNA,Y20I,R124,124,8189.240903348632,3.7632000000000003,0.9429708370007336,O2,0.0
20171122,mrazomej,DNA,Y20I,R124,124,8091.68118761664,5.043200000000001,0.9178947596427771,O2,0.0
20171122,mrazomej,DNA,Y20I,R124,124,7427.072360030404,5.0688,0.9310398366983628,O2,0.0
20171122,mrazomej,DNA,Y20I,R124,124,6931.357390457203,4.3776,0.9499999798933563,O2,0.0
20171122,mrazomej,DNA,Y20I,R260,260,3922.0993457051964,5.2736,0.9393955726140885,O2,0.0
20171122,mrazomej,DNA,Y20I,R260,260,2780.0380476870173,4.1984,0.9409438526408664,O2,0.0
20171122,mrazomej,DNA,Y20I,R260,260,2965.6702887017864,5.1968000000000005,0.9579906793801236,O2,0.0
20171122,mrazomej,DNA,Y20I,R260,260,3387.9501778150466,4.9152000000000005,0.9438486445773143,O2,0.0
20171122,mrazomej,DNA,Y20I,R124,124,9894.312182754085,4.8384,0.9589238619404766,O2,0.0
20171122,mrazomej,DNA,Y20I,R124,124,15666.570779468733,5.0688,0.9692876825937614,O2,0.0
20171122,mrazomej,DNA,Y20I,R124,124,2782.3179824558697,4.2496,0.9236938548920333,O2,0.0
20171122,mrazomej,DNA,Q21M,R1220,1220,168.1407940343717,3.2256,0.9060917327879853,O2,0.0
20171122,mrazomej,DNA,Q21M,R1220,1220,130.11223860611855,5.5296,0.9615514882110913,O2,0.0
20171122,mrazomej,DNA,Q21M,R1220,1220,134.0409852689028,4.9152000000000005,0.9036247457366926,O2,0.0
20171122,mrazomej,DNA,Q21M,R1220,1220,137.36917138035932,5.9392000000000005,0.9044458309912294,O2,0.0
20171122,mrazomej,DNA,Q21M,R1220,1220,152.08905167022337,5.1968000000000005,0.9194456900777231,O2,0.0
20171122,mrazomej,DNA,Q21M,R1220,1220,239.97919756288613,4.8384,0.8780856512813275,O2,0.0
20171122,mrazomej,DNA,Q21M,R1220,1220,144.89886951760684,5.324800000000001,0.9382258742294569,O2,0.0
20171122,mrazomej,DNA,Q21M,R1220,1220,139.3583496127148,4.6336,0.9667701324915076,O2,0.0
20171122,mrazomej,DNA,Q21A,R124,124,7556.778689596465,4.736000000000001,0.9474714901395874,O2,0.0
20171122,mrazomej,DNA,Q21A,R124,124,4799.950207834413,4.5312,0.9405911221055776,O2,0.0
20171122,mrazomej,DNA,Q21A,R124,124,8327.966138154878,5.7344,0.8880713737176832,O2,0.0
20171122,mrazomej,DNA,Q21A,R124,124,11860.379010801696,5.5040000000000004,0.9504001612568885,O2,0.0
20171122,mrazomej,DNA,Q21M,R1220,1220,135.15242104352438,3.1744000000000003,0.8503376513557961,O2,0.0
20171122,mrazomej,DNA,Q21M,R1220,1220,131.65594500542315,5.9648,0.9072021700175308,O2,0.0
20171122,mrazomej,DNA,Q21M,R1220,1220,130.67963934606718,4.3776,0.9443014684081316,O2,0.0
20171122,mrazomej,DNA,Q21M,R1220,1220,145.67633187885033,4.6592,0.9295478396872241,O2,0.0
20171122,mrazomej,DNA,Q21A,R124,124,8675.466087445671,5.6832,0.895193510922879,O2,0.0
20171122,mrazomej,DNA,Y20I,R124,124,11022.480539076352,5.913600000000001,0.9697617462943827,O2,0.0
20171122,mrazomej,DNA,Y20I,R1220,1220,1189.3649753028662,3.9168000000000003,0.9345349302021752,O2,0.0
20171122,mrazomej,DNA,Y20I,R1220,1220,1029.0237699038155,4.1472,0.9555575500336235,O2,0.0
20171122,mrazomej,DNA,Y20I,R1220,1220,2266.851747839991,5.4016,0.9364710392907147,O2,0.0
20171122,mrazomej,DNA,Y20I,R260,260,2916.497165907663,5.6832,0.9657319544729447,O2,0.0
20171122,mrazomej,DNA,Y20I,R260,260,2067.33746146147,5.7344,0.9661058703663713,O2,0.0
20171122,mrazomej,DNA,Y20I,R260,260,1860.9707757295162,5.6576,0.8895935804715009,O2,0.0
20171122,mrazomej,DNA,Y20I,R124,124,8009.704153504602,5.376,0.9228565475794913,O2,0.0
20171122,mrazomej,DNA,Y20I,R124,124,8376.671574983691,2.7648,0.8911312320650031,O2,0.0
20171122,mrazomej,DNA,Y20I,R124,124,5155.5020041988555,4.4032,0.9481252589984489,O2,0.0
20171122,mrazomej,DNA,Y20I,R260,260,2592.549073491694,4.8384,0.9709503124182473,O2,0.0
20171122,mrazomej,DNA,Y20I,R260,260,2552.9050725777897,2.6112,0.8887919811470463,O2,0.0
20171122,mrazomej,DNA,Y20I,R260,260,1840.4288810862652,4.889600000000001,0.9305459777957155,O2,0.0
20171122,mrazomej,DNA,Y20I,R260,260,2659.045979128071,5.5808,0.945232020248425,O2,0.0
20171122,mrazomej,DNA,Q21M,R1220,1220,147.32781798689007,5.248,0.9623258726081411,O2,0.0
20171122,mrazomej,DNA,Q21M,R1220,1220,160.56027022909186,5.8368,0.9416391129487383,O2,0.0
20171122,mrazomej,DNA,Q21M,R1220,1220,134.69780776240046,4.992,0.9402590318319627,O2,0.0
20171122,mrazomej,DNA,Q21M,R1220,1220,133.6787895465117,5.4016,0.9097551333510824,O2,0.0
20171122,mrazomej,DNA,Q21M,R1220,1220,151.38180100627815,3.4048000000000003,0.9382981449542266,O2,0.0
20171122,mrazomej,DNA,Q21M,R1220,1220,146.79996672087032,4.352,0.9523548653879321,O2,0.0
20171122,mrazomej,DNA,Q21M,R1220,1220,223.6815395219901,2.8672,0.8627677128486276,O2,0.0
20171122,mrazomej,DNA,Q21M,R1220,1220,121.40817023037623,4.7616000000000005,0.9632859844084637,O2,0.0
20171122,mrazomej,DNA,Q21M,R1220,1220,113.99736938158233,4.300800000000001,0.9598302819885985,O2,0.0
20171122,mrazomej,DNA,Q21A,R124,124,9048.177328635364,3.7376,0.9512929401582498,O2,0.0
20171122,mrazomej,DNA,Q21A,R124,124,8851.783845979606,5.8112,0.9541182940136589,O2,0.0
20171122,mrazomej,DNA,Q21M,R1220,1220,132.98255720004815,4.7104,0.9166863993151383,O2,0.0
20171122,mrazomej,DNA,Q21M,R1220,1220,117.11052718492718,4.9408,0.933927193061163,O2,0.0
20171122,mrazomej,DNA,Q21M,R1220,1220,117.95277455451937,3.7888,0.9512945160103385,O2,0.0
20171122,mrazomej,DNA,Q21M,R1220,1220,130.00131762977645,4.096,0.9525678363038115,O2,0.0
20171122,mrazomej,DNA,Q21M,R1220,1220,127.00576428065683,5.6832,0.9399354281965525,O2,0.0
20171122,mrazomej,DNA,Q21A,R124,124,9472.307298952366,5.7088,0.9663188839608223,O2,0.0
20171122,mrazomej,DNA,Q21A,R124,124,11799.786969578041,4.5568,0.9588363559269845,O2,0.0
20171122,mrazomej,DNA,Q21A,R124,124,9481.939166165923,5.5552,0.9554154024984095,O2,0.0
20171122,mrazomej,DNA,Q21M,R1220,1220,198.39282037116777,2.4576000000000002,0.8870561159467698,O2,0.0
20171122,mrazomej,DNA,Q21M,R1220,1220,135.69088303601444,4.4032,0.9665157512383051,O2,0.0
20171122,mrazomej,DNA,Q21M,R1220,1220,163.67349453710546,5.5040000000000004,0.8732608030349921,O2,0.0
20171122,mrazomej,DNA,Q21M,R1220,1220,142.28597797975465,3.9936000000000003,0.9310480960421993,O2,0.0
20171122,mrazomej,DNA,Q21M,R1220,1220,228.67912456376482,5.632000000000001,0.9065565300605024,O2,0.0
20171122,mrazomej,DNA,Q21A,R124,124,13340.902266455547,5.171200000000001,0.807133450917679,O2,0.0
20171122,mrazomej,DNA,Q21A,R124,124,8028.339657062665,3.7632000000000003,0.9128515631254923,O2,0.0
20171122,mrazomej,DNA,Q21A,R124,124,13245.994980763135,5.5552,0.9548482488587274,O2,0.0
20171122,mrazomej,DNA,Q21A,R124,124,10223.089006662076,5.5296,0.9241335679331178,O2,0.0
20171122,mrazomej,DNA,Q21A,R124,124,10143.46838501812,5.5040000000000004,0.9450386084095344,O2,0.0
